player_id,drafted
c6d3ce49-28b6-4756-8061-b2bd68730c52,1.6801642274262657e-06
24dd0ae2-9d22-4d31-9cb6-c31f58f903b5,2.806196390303245e-06
0cf3e822-9446-4285-b7ed-7c19d8e976fe,0.0006318179493064429
b1a88de0-6852-4597-bb92-9164b40758e5,3.2418193226754605e-06
97c327ce-d051-40f0-9166-1a43557c3c92,9.04540850026885e-06
34fe41f0-255d-4274-8462-860a221a9d5a,3.7691202280289594e-06
f7292ab7-feed-434f-8cba-b193a02276c0,1.4682542088589794e-05
ac793895-8cec-4d08-9480-5d0458522614,0.0006059600172524478
8b241a30-61cc-43a2-a4b3-fe4a632ef573,3.330472279781202e-05
5ab8c5c9-eac3-469a-9400-63f685d365b5,0.00012281921684019755
764918b8-ddea-466e-89d6-9322dba2291b,3.323988210494595e-06
f99541d2-60fc-416d-909e-abd7dc88aaf6,2.2445933908153362e-05
cb7675b3-06a3-448f-95b8-ac1bec00488a,1.2059646600176919e-06
2c611c62-0369-4a50-b7c1-700673df1964,0.0002107497711957779
580c861f-2ee9-4087-9b84-1339d83d467e,0.00011122696097206441
5fa6c67d-776c-4338-b064-6309d770a2c5,0.0005940804886212684
c580539f-84fd-421a-b2fc-7cf56ddb596d,6.5925815498517646e-06
442aa033-15b1-418d-b4d3-8c1adfe2dd74,1.9757367248748163e-06
ca0eb92b-835b-45fa-950b-382609b0d270,1.391521373227262e-06
56db5cb1-dff0-4915-a0b3-39c79e724d6f,5.694719346423168e-05
e131f57b-1709-4599-827c-2d22b55cce5f,1.2916443095375725e-05
bf880bcc-8213-4ba5-9980-e74c9cdac0c2,1.9397250148138086e-06
cc75eb26-5b3f-4d2b-9641-7d3542d5f015,5.3670878793983946e-05
c75c0267-e95d-497b-869e-3c2914f7f0bd,0.03937371053171988
e8e02909-9496-4ce6-8f7e-a9496c7c70fd,1.0441510289966306e-05
8874e568-0fcb-40e6-8f5f-e862ad84d62c,1.4410178412379848e-06
3867d275-e17f-41dd-9688-08fc9ed39a95,5.5374822556773605e-05
164e93aa-6e50-4328-897e-9594fc5626a2,6.21413361365838e-05
f224b164-bf47-4dc5-9101-70f2ce57a322,2.106957828941354e-06
645a7c48-4ec0-4380-9751-0326d7b84600,1.500484323600674e-05
45d4eaa3-5226-4532-8ba4-0753362b0971,2.8973483126380137e-06
2478c0b7-a979-4393-aa3d-b3f408c40763,8.282080390709151e-05
8469846d-f4e8-48cd-872b-73e53d2c6910,1.166672287624224e-05
5001dafd-4db5-47e3-b281-da0f52a62f11,0.0012904277053222642
2d298957-f1e4-48c6-8abd-6493ddc94ce4,4.110680167748379e-06
6ffdd80e-abec-476b-a420-a55541f96431,2.5104921724517997e-06
d573bdc9-e541-4cf2-aee8-ad1b52dd412c,6.7112719679639625e-06
07667cba-1e25-4215-b648-e363d8ffc637,1.683547579640505e-05
a34f3a77-bc08-46e7-828f-ce934737b4e7,2.2883539891858092e-06
0807c9b9-f608-4912-9b3d-705fe955fe33,1.1344770840242026e-05
5e363080-689b-460a-85c5-71149bc98dac,0.00046179410099801596
d4c0bb14-8712-4ef1-878a-1e2e1226f63b,1.6874057100616856e-05
2142f6f9-3821-4b4d-9872-a42a766605e1,3.84382136034799e-05
17e05e2f-86e6-4a32-9ace-fdc4a81e92aa,0.0036278111599992754
5b3980a5-c52a-4dca-84b1-f6c90b8ca3a7,7.452050175568856e-06
bd9925c0-3f2c-4b2d-96a1-3aab866f715c,2.780880467967441e-05
946f2535-92d0-4475-9117-30fe634b1a64,5.779873241271255e-06
2c0a1d35-92f2-4749-abcc-e3bc4f6a6c21,3.3600415940382816e-06
a5e216e2-ec25-431f-9519-8bf3339454b8,2.28514843208156e-06
fc34c322-02d3-49ca-9136-36cf9d646a9c,1.4085660202878044e-05
51eb6684-6ce2-4aff-99ef-a53279705829,3.423771458682559e-06
0f0a1f76-cdd6-4602-a5d5-2bc851582f93,3.527516509018681e-05
781174d6-5dc0-4bc6-b2b1-6b4902a02eea,2.219591939605511e-05
e9e1e094-22f2-411f-9a4d-408c6def6fad,1.1582653650373815e-05
4571f52e-e0e9-4b5f-ab59-7aaa420fe2d0,4.4536051297493246e-05
be1ad6d3-60b4-48f8-8de3-e03a7125b592,3.655816391156261e-06
b64e4146-8b34-42ef-b3f4-397b92722398,2.8004558579916066e-06
7638d874-9e5c-4a40-abc2-267fcdd1ee0c,4.6899387869489484e-06
7574df39-21c2-4920-9f5d-5c0c6e37a58c,4.390767527692418e-06
f2deeb90-bb68-4c65-adfe-4860c8ce28dc,2.785961939801138e-06
93b82cd1-0bd0-4922-a7fa-ec7637c93c4f,2.024992983089496e-06
68a594c2-37be-4c10-b024-fc9441143a1f,1.2783052029693468e-06
18fba9df-2026-4f01-bce8-984803a32a16,1.4758517157350152e-06
de6573e1-c764-41ee-8905-93b2081f599c,1.300292684448346e-05
d8a59c62-decc-47e9-ba1f-a93f36138c67,6.387178857619509e-06
fc4faf09-2d20-4c4f-924d-52d553bfeb83,0.0012842407056901605
db22cd2a-bc19-40fa-86e9-7fb3e2c2a163,9.718339919317703e-05
88bcca86-e8e1-4840-b43d-df665c64388a,6.041617593842699e-06
0d40ff57-e6c3-4b57-bb1d-6f8069cc53fa,9.583562390939107e-06
48007157-b51c-4daa-a82d-738923d9b58b,1.1238281066061558e-05
1416c52b-79f9-45d7-a07e-733372e97303,3.834355799212435e-06
f835b110-c12d-4849-a161-a7f510635ed6,1.531311506356847e-06
27ff7885-8b1f-4712-b012-8cbe35aaf0f3,1.998440893903234e-05
fefbebbb-de67-4394-8a7f-321ba64d4400,2.4694603219742986e-06
3fd7f490-1660-4bba-adbd-7a0dbf668a62,2.77120141300718e-06
139a2b07-10d1-4441-977a-6cedcbfbb2c1,4.165858305959722e-06
a19d5d94-629f-4b85-8b09-ae32083ac51e,3.27329495628806e-05
9dac5ab3-f9f2-4c59-8b28-e74927a108fa,1.1184027874868553e-05
3acfdf41-17c4-4296-9f93-be4336fb00ac,1.640211889544809e-05
82bdcea1-9093-4327-b692-90fd9f9e2acb,3.7556589880392766e-05
5de3c1c2-85f3-4498-a3ae-78d23085dd2e,3.139036874483141e-05
71abfaad-30b0-4d0f-b5c9-bf7c770701e8,0.0008375010207840659
da1aed7c-472e-47d6-ac40-8acfde020743,1.8776087437651787e-06
6013972c-2853-4d5c-aa96-5c4f9edc3038,3.975529433407245e-06
f70f7e9b-89c0-4256-aea9-57ccbddd9c2f,0.00015706448769560905
fddf5650-9115-4d89-aeba-47aa0ca92eda,5.2578906537095095e-06
0af8c84b-3202-45e6-a51f-a32e95f6ec39,6.575201569903488e-06
a6c20b00-05d1-4ad2-bd6d-9236261a961b,3.3682154558865246e-06
f0fa4722-722f-4fe3-8d72-6a470873dd9c,5.95278693747441e-06
ad0aec16-3de2-4338-b57e-47ec4b2ce7ff,6.8382092711069314e-06
87c788d2-5967-49e7-b7bf-3757bf776cbf,1.7457702814514573e-05
bac013b4-c020-43df-bc3b-4c6a19f977c4,2.5806825115026225e-06
6f46e6d8-34c6-4157-9989-ceeb39bd7456,0.1942660308846477
024b9381-4de0-4ad5-bfd1-2e7b2036571e,3.753650647426352e-05
1083ad05-c96b-4f7f-9523-38028f34dbe3,1.5461081658918331e-06
d6211668-121d-49d9-bb9d-a08c63f0edb0,4.3391209528743755e-06
9e571deb-f1b0-40b0-979d-720c332c245b,3.463637425064175e-05
f00b64f1-abf5-4fef-bd98-6e0ae071edfe,6.040082798058374e-05
67c08bcc-3d10-49a2-a0e5-c8737dfef287,1.875921091520944e-05
17afd01d-7f91-4819-9ef3-734db03d12c2,2.7873303200079534e-05
3eae0610-6760-4c6f-8ae4-30df4ab51d52,5.253600641099262e-06
5c9cbbfe-0aa0-49ff-8bb7-49d0d53c45ce,8.903354954138643e-06
8db1a46c-2cf6-4bae-9591-d7fd357779e2,2.6695461570037626e-06
bc0e309c-d338-4e2b-a92d-d6ff15f22008,2.8943839319474665e-06
c468fa73-5826-4c4a-8f02-590d0baa7991,6.656943847582057e-06
26d14cb5-a811-4d6e-b4a5-e0ae417641a5,2.7853666092480565e-06
6a0802d6-d02a-4e45-a541-1c013824428c,2.316514266040957e-06
11e864a1-daaf-4214-9d00-8969eee64fcf,5.493397755404545e-06
a5e511c2-322a-4797-8c8c-f194b6cd6d6f,1.9927178679741265e-06
cd9e2614-7d1e-4fd9-ad46-47d3a5cd0d97,2.10595245029516e-06
0004b489-9b22-4af9-868c-186ca26f98fb,4.051801526309747e-06
51774b0a-bd5c-48a9-889b-5d51830ac1d4,2.704011317200022e-05
22c59629-85d3-4a77-9d7f-7e54724bafb0,0.00016923361591612994
07dc2820-cde6-4e52-a9d1-3249b40ad3a3,3.0697114335153813e-06
fc80f739-fbc0-49f4-b25e-418a6cc4c26a,5.516964933458445e-05
e9d414de-d2c9-461a-82f8-7ce74d6db55c,1.638409417571626e-05
45503c51-3967-4f28-8b32-077a29644c4a,0.00015139397023739557
ddc3fef3-2b17-47f0-aa19-c4b588fe5b45,2.6363765385051193e-06
9c7a7af3-4b33-42cd-951b-ab13e717bf8e,1.4330612563514058e-06
a12721c7-2234-46c2-b862-2fd0f99ea0e4,3.830022049545278e-06
7efb5e4a-ed35-41a2-b6c7-10b271f73995,9.583289257125044e-07
8ed0f54b-4e24-4dd9-a33c-b55beb93ab16,5.932213744568231e-06
c27929a7-ecbd-48d6-9117-03fe29904ca1,2.4391024193257075e-06
6b47e20a-0a96-4e12-8526-e9e61a83d348,1.2770916751021227e-06
4e8bee77-ccae-4eda-98b3-4762ee6873d3,9.567843815844935e-07
01d0d4b2-1cab-4392-9185-c45f60fa6adc,1.1942330598059077e-05
ae2b0cf0-5502-4661-a896-22bf7c00a0b7,1.1313582083698053e-05
e668f52d-f274-44bb-b477-524d5bde9070,2.597130698878106e-06
7353cc2d-7148-4875-90bb-917769bb98da,0.0001340542062036105
58868a66-5d74-46ae-aa3b-9e620be4dfb8,1.9262316573712997e-05
f06825fd-d8a5-46c1-b2bb-da83bcfbc63d,0.0031045806380548546
ee9877b6-e4ce-4a20-a076-2bbb3e3b0aa8,2.1837384163664438e-06
5c914208-1f07-4ffe-80a0-b44cab0253de,1.5508903504848277e-05
2b043db6-0e65-4e7f-b95d-f9ffa9641aaf,7.947160323464101e-06
c41323ad-c95f-4a46-a1a5-3fd05a1fdde6,1.935738021119717e-06
301abdbe-24d7-4eca-a8ae-8ff232718da6,2.1073792557716845e-06
0b2069bc-3c08-41b7-a466-2de500566642,1.6316930849192926e-06
8e17ea61-e264-4b95-bc7f-31a087c6d621,5.522270030377483e-06
ea19f93c-1cb0-4ce7-94c5-6e38b59cb847,3.0281735641716647e-06
36c55f4e-3c4a-48ee-a7f7-f590fa3a553f,1.5212629846628786e-06
726a5c86-381c-4e69-80fe-22793dd7a5dc,2.755907672979869e-06
91f3e3ae-e636-469b-9834-14b08d41dc0b,2.0209992945079707e-06
69df2a5a-41fe-42fa-999e-92700597ce5f,1.6784102926875207e-06
ce7b9d51-e982-4e52-9372-c6b2ad4a82a1,1.1460695917507384e-05
9c31e09d-c6bf-45a7-8d42-f83feafe216b,6.747583086765525e-06
ba54f6d0-5f52-465f-8698-a29fe5b68cc0,9.917375186102918e-06
ddf5a880-30e4-4205-a693-88a29a18a900,9.578541885181984e-05
ef2e5082-c5e5-4a3f-91e9-513c5ed9fcb7,1.7500046244080882e-06
fdb794a2-33b2-44f7-aeb0-9b5479fb7884,3.907092059793341e-06
c5b3a1c7-2443-4d71-b0b2-6b3200da90a8,1.5336036959510632e-06
359c443a-e51d-41c7-afd3-1addc3e2d7fa,2.79612022448629e-06
a6d751e5-9e2d-4223-86f9-c056805c1f0b,2.133185992167327e-06
693afa03-92a4-4112-848f-d196720bf6a9,1.1081552016127456e-06
280b815c-7805-4fa1-b5a3-efac7f0f3042,5.941201528202542e-06
52fce6dc-906d-4574-af94-f1e3ddc97d35,8.964996498829065e-06
28494bc2-1746-412e-aa1f-c148c6d41a01,1.4370674022389131e-06
b5d334d3-204f-4840-bcdb-cf5440b96b2b,1.5220340064233362e-06
27870761-704f-4f93-b07b-3dd40613c63d,1.150600235392702e-06
08303197-804e-44e6-bee2-e49a035faea2,1.7840735205105966e-06
0439d35e-e05f-4de4-a3fa-bf62b3d44945,2.7712171733346028e-06
fcc78b93-dc9f-4309-b92d-6f1cdacfe477,3.7666370751700707e-06
4ba16e4e-78b5-4079-98ec-d81213b13243,3.992211920705598e-06
8070bec6-45c3-4aba-9a6d-de40907fa6db,2.35811605626401e-06
bbebb4a6-0e03-454a-8580-6cbb5eb51e55,0.0004367972508013952
36ce52d8-6c26-421b-a5ce-577ed9b7d29c,5.401303223404727e-06
1fc493b6-2e22-4788-9fd8-4df614ed6ba0,7.913472950446713e-06
84a78c4f-ab90-4b0d-a277-da2edd70d438,0.00013739665360432154
675af396-6b81-473d-955f-40fab409be30,3.050815717070374e-05
eafecb8a-116d-4ada-8928-c1305968692b,3.2243232203242177e-06
0634670e-37b9-45d9-a975-744f214f1a28,1.0149322800847044e-05
937cef2f-5719-4350-9bde-d999bbf532ae,2.3812993261129517e-06
53c73de0-32fa-4647-b9f0-602032ee8133,1.3368415735149905e-05
56c60df5-0aa1-45b4-8b12-c970c46e0094,6.68257409791059e-05
e860d95f-ce8f-4683-90a7-fc3bc0d81fbf,4.797448378511691e-06
38508f8c-ab77-47e4-9276-c13334cef4df,3.238290879140425e-05
a5e5296f-9f0b-408b-a255-25a84b0ebda7,1.2245237789940015e-05
ea466a06-9bee-4f2a-878b-5520669d609a,2.1841865787345995e-06
cd6f27cb-8a73-4127-8235-55c557fbe4f3,2.1494873298299796e-05
8f2d0219-bf57-40ad-88ab-177e709f9d9f,1.8821838469157002e-06
8999c9a5-f628-4701-a2aa-b14daaf07a30,2.2721357936980157e-06
0554e8fa-96da-4839-9587-7179e31ffb4f,2.378207686836218e-06
72deabe8-3dcd-4693-8b77-9ffbffa5e5e9,0.00030906577222567774
674f1701-0cbe-47e9-9d98-c8cd642248b9,1.3803634123707157e-05
76c845fd-e5cd-426b-9021-5a1233df2f14,2.0719780333519757e-06
5aae061a-4ad9-4b9a-a906-8ea9ad4d0e8d,5.060458382502224e-05
b1693659-1cdf-4d7b-b5f2-e2dfa1e5b0a3,0.00018143848704253634
e78db1f7-1e8e-43e0-9e22-1775e7741ee8,5.995689517735482e-06
3c16d368-cf5f-4f71-a904-e505659dab54,1.090077995155297e-05
7a512585-14f4-447c-ac7c-93b78f4bbab5,6.419225111762457e-07
c9b88dc7-e2a4-4cde-897d-7d378e7ef782,4.434154330353169e-06
55701863-660a-4388-9846-c0e2b98e8bc3,8.89705033123821e-06
648ea375-ca51-4c36-b20a-0f24f323ab1f,1.504889042290175e-06
f6b9d2fb-9cf5-4388-ad45-42fb3def68ca,0.0004941562288317224
0242c804-fcea-4f18-861d-a6e81fef11e2,5.2909681203087676e-05
b69faacc-6936-4798-86a2-92221d40a78c,0.00022934035774390101
ac7daacf-39a0-47c7-9740-6b70e2559858,4.283211287691633e-06
09e0bd05-8d7d-4f8b-8e1f-37b17b606525,0.0002756416454834819
ef3fe11e-b71f-475e-871b-1b7f1fe9725a,0.00012464483774791597
36998af7-2102-4dc6-a4b2-a1b28a621374,3.898123427288506e-05
c569520c-c415-487a-ba1b-a241b2b71fcc,1.5880787078998692e-06
c52b332a-3224-47f1-a356-2380fc0d6a8e,5.050249550886016e-06
364579c0-dbe4-4cff-8a8c-6fd2677131fa,1.1484969639069224e-05
56b9bc78-ceb8-40bf-9048-03af7ef15a6b,3.3167421964978683e-06
8151c987-a70e-4d0a-8414-6da48469f61a,8.223058919180904e-06
add70348-9484-4d0f-98bb-a3e407cd072c,1.5346725178379996e-06
36aea9e7-abeb-4f06-a8da-0f27d1d94752,4.2941824925284e-06
90a3a999-5401-4f14-b95d-a5587e925bb9,1.1578755752709952e-05
1cc859e0-1196-4ee9-b5b7-39da632e13e6,0.011120013455097357
9beab2c6-e7b9-4844-9240-6526abaf8d6e,6.719196592532383e-06
7bdb4e6f-87ef-4891-9c68-66bec76d90e0,0.06801430380366087
c773ff65-3a48-4cdb-93d6-b4e16c2e6791,1.455865473908233e-06
06074df6-252f-4a44-a567-3ef228ae56f3,9.814793549685594e-06
ea246ee4-dc90-49d0-b7fc-9f4110b9a156,8.892168621242473e-06
27c78f8f-f71f-4fdd-b9e4-5a9b7bcc50d0,3.0422101685245585e-06
5b404d88-5283-4c15-a71a-e61da66493b6,4.072237681027508e-06
51ce02c9-5802-4c10-930f-66636b2d80cf,7.161403178080615e-06
11198a33-c68a-4ed0-b494-e97eda994022,8.084643443901718e-05
9f2e3b7f-1e8a-4175-bc6b-163ef246c696,6.210193252718489e-06
09473f40-74b4-4461-8b36-43ef3f74444f,6.2842219630105515e-06
f1ac3cc8-1fe6-42cd-aebe-6bd2e347d87b,3.2447961667015933e-06
a7102afe-0a38-4634-be53-5d767b266900,0.022416961758156273
21bf9916-01b6-482b-a8e4-408eee2d1ab4,5.111766719463959e-06
646502bd-13fb-4a56-b984-e313173748f7,0.8045366548494448
73ec806e-28e1-4916-b1e1-dae558b0dd99,0.46160461423674737
24b8faf5-f6fc-47e0-9014-18b0665ee077,6.266217875224137e-06
579fa5a8-7940-4a9b-8494-5065e79a234e,4.2769600059457686e-05
b2fe24fe-f5f7-42d7-824f-7f46ff40bd61,6.615824320900133e-05
1629d0c2-f5ac-476a-af0c-1f9d28df0949,2.8352630644254756e-05
35e1d7ca-f5fe-496a-bc74-88b2c25ccde7,3.062063442652895e-05
eb0154d3-d35d-4029-909b-3435d9563efd,1.6635681248879285e-05
ce13b083-a6bc-4dc7-b728-ab11fd0e3400,3.9189554499155416e-06
b45a6e08-c48c-4ae6-b900-2c50ec9d34fc,2.452646591300227e-06
e420c848-9e9d-435e-bb94-f28bbf6c5547,3.8698497059267025e-05
0ab224cd-4dd6-4444-8e27-b6a8c6d1ce57,2.60041381084146e-05
18272e3d-87c2-4974-87ed-ec302e4b5f79,7.746796830446833e-06
1d8d7d5f-e034-4eb5-b41e-8e9d28dd9c31,0.00030268585009548903
5a2de285-4061-4c92-aebe-b4e400510a82,0.0005077260762014616
d187d7a2-a824-4b68-89df-a6bf7588f1f3,8.018455714751838e-05
3e94c74c-4fe7-4d93-8be9-c3ba517b2f1a,2.2852404727523618e-05
a02a1450-9216-423e-8c64-a1f0438ee28f,1.1580836003315753e-06
7ae2e299-9f0a-4b9c-9670-0b7e255360e2,5.419645694024477e-06
b746d700-06d2-4da0-bdfa-9cdf653ab49a,0.004479971527510292
fe62cc9c-3474-4211-9085-dd61b99f8053,0.00026063526405458544
3e89d322-5193-4ec5-86f4-c02ff6263817,6.702799899127001e-06
ccbcc45a-41f4-483b-9d44-45b2f4b9101e,1.0548669825009523e-05
06577a81-5461-4eb3-8339-0cab3aeaddef,5.339218085983693e-06
1c28c83c-8b0e-415f-963c-ac9b374440dd,4.668624127561751e-06
1b45c1a5-ecb4-416e-943b-2dc5bd7cd5fd,2.1109828704006602e-06
5b4a0c1d-f7f4-429e-9034-537d1b16b592,1.218265081888694e-05
96144314-202d-46e7-854a-74d47c37b616,1.409744965202475e-05
d74db02b-b289-4b13-b013-9f596fbbe3cf,2.032121585117163e-05
07287424-337d-48e0-84e4-475d938c9148,2.4718263326166802e-06
87052250-b261-40dd-9d3b-e221540a5605,1.9623976481361e-06
288e45ea-7c6f-45ec-8223-cc59391eecb6,2.9078486844098504e-06
c0967b61-7bb5-4e56-a6f9-46cb433c701f,9.757804003224733e-06
3ac7df60-9e5a-42d7-a860-e598cfa30198,1.8114526198264953e-05
bd82ba98-a3be-4012-add7-06a0690fb650,5.450951417580113e-06
d08d422b-e22c-4f54-960b-10a64a719058,4.715421853228332e-06
824d3b22-77d2-4ba6-a0e8-1a7724559504,5.1629023368310064e-05
8d7d5224-a87d-4c84-a816-8873a6df9ae1,0.029282173685677506
74a53761-adea-4687-98c1-597be356f0a4,2.6460252400028607e-06
8192f8f0-f53f-4ee6-a8ef-5f4e81094982,2.2612291845432383e-06
5427f367-c3f8-47b5-908c-c79873d10e23,8.978238274599215e-07
c7203eeb-38d8-490c-a3a4-b9f060a0a469,1.885455135439715e-06
b5915f23-c5e4-438e-93a0-28cda231d161,2.746885907534438e-06
78dab59c-ea61-461e-bcc7-1747e09563b7,1.2251808332425048e-05
1181aa10-4fec-4d48-bf8e-d476d7f07423,4.247652215544539e-06
ade3cfeb-28d0-4bdd-99d0-0bc9ae611005,7.607858143383733e-05
3dee3454-b4f2-4d74-9d85-5701fbb6ea03,1.8730769041868745e-06
cf6aedf5-8dbf-49b5-8971-97022d89831c,3.310107696609029e-06
661275e0-66f9-4c5f-bab4-7a124a71127e,2.8588902711097792e-05
b1383e19-6d92-4ded-a3dc-775370a2b3dc,1.3530757847705732e-06
5375a233-ea8b-428c-88c3-e37a36b6e6e0,1.5987720350319858e-06
0fd0b048-7fd5-4cf2-947b-b03470d71018,2.7208413732700268e-05
6a5bf63f-37ea-4b18-afd6-628b528bbccd,9.40455878693888e-06
f901cbf9-79e1-4fb0-adbb-faf8fb9a991e,9.545491909839973e-06
f80ae756-123b-444f-87b3-18b6f907aa09,0.006193567158467219
ef90606f-708f-45ff-87d6-7191dd3e336e,6.947003944649544e-06
04ec226d-7d87-4b5b-b1a6-e7c157555f15,2.7977476664039596e-05
630b2c19-b473-4ec3-890d-b8d867f52b56,0.8787606295360952
2d26684e-ab06-4588-a321-be1d094ef4a0,1.8392601996561213e-06
10bc863f-eb4c-4fd0-b6ec-8853f8cdde8e,7.425462101225256e-06
90f90a02-d79d-4063-9306-332cffcd1df2,2.8113253275486186e-05
0546fd02-0c17-4812-9a00-a4a46cb1b128,8.793784601366047e-06
64b9f7c0-d76c-4299-a823-28b9e04c93bd,8.936989413499134e-06
f21ec6df-4490-46fd-89da-776e261d5dbc,3.594011649271911e-05
9c565dff-3ba4-433f-bd98-6cf94bacaf7e,4.556752020661829e-05
f2640b87-98ce-4197-9342-0c2a4ae90c2c,0.0037666237119299674
872d2f0d-3fb3-42a4-b6c0-8d848ae0a869,2.8034248577343055e-06
2a24268f-f38e-4ecb-a27f-a408a2e98d96,8.871986875048478e-06
ecaa7c44-69f8-40e0-977e-cb45c2779e68,2.393894079761197e-05
c462556e-1de6-4b08-b4aa-a2bc80b3e454,4.316109546556676e-05
36736f68-df57-40c1-a21a-8d1e2903852d,8.082631842191653e-06
59f21b01-c7d9-4f91-97df-dd33be5109ab,0.0018239704940865972
d1125bc5-2685-467b-aa8c-7b3278e677f2,5.310608723182521e-06
3f7e05d4-c48f-4294-b492-fde5fa979334,0.00055086225095552
8c79007d-9a65-4689-bd65-dbfb5d4c4665,7.323139011223219e-06
8ee4166f-c9a0-4fa3-b281-5869d32129b9,3.4318788434080074e-06
89000142-41e0-4eb5-ab84-d8b5fa724949,1.5726141823937497e-05
ae4c554f-eb5e-4782-9b91-e94e89df7d80,2.894932225364218e-06
b82ca340-070d-4c6d-8fe8-8289514c7c2c,4.7065314785526236e-06
032ebb22-7af9-4f92-babd-69ac83b28213,0.00011167761031812054
833a24ce-10fc-46d2-8fa9-761f76708add,1.2691393190621527e-05
227e48ac-2003-4dbc-b1a6-5ce7e24a8dbf,5.577347726318419e-05
b5f2c4f9-28be-46e8-b24f-6f816e89b86d,0.012550825059234758
02ae0170-c69f-49ae-9fc6-10f1005820e3,7.447540045608136e-06
1a666bcb-8725-4be3-bce1-7739a0553409,9.129945076701289e-05
c8f153d0-c8e1-4857-aef0-9edf48657a5b,1.380302371960043e-05
0097b23c-59d5-4585-9c79-944393e5fb89,8.934543768713372e-06
f1588200-c5f3-4d6a-ba03-da74e06e1fa5,4.6156077114795655e-06
61e84088-2bde-4ee8-9834-5112d4f95d33,4.973830466624497e-06
aff23ae1-e782-479f-bd86-6725a3b7cc03,2.696942458563718e-05
157bd7eb-48df-4d75-8ea3-97cff3f63c33,2.084980905417286e-05
1a173eba-56e6-44d5-8601-1e9ef5139be5,7.454660108895906e-06
52d75c9b-7f4a-4d44-a361-a840052c819e,2.88406541579744e-06
565ded2d-3c64-4637-8ac9-56f6b7fb5623,2.029679744469767e-06
473a2d34-046e-4c6e-8b64-7e6d2d8c4424,2.1352829121880844e-05
ac763ab9-a196-45bc-9ca2-bd39e5098ab6,1.9587294779258e-06
efd47bd4-4250-4585-8f53-f575c6d518c6,6.626625788702979e-06
6c6a4058-d602-493f-ae7e-74e45f1fd6c0,3.00950357994711e-06
dcfec57e-a2bb-487c-a478-e680c07467ee,5.702543653044763e-06
de103409-3b36-4f98-bfe2-c49c259d779d,2.1341383322034936e-05
25be9d85-8582-4244-80fb-3bb2c8554399,4.567791140115212e-06
f89de6ff-6e55-4016-bc41-7f6131e5023f,5.928121035336761e-06
7229a473-3b32-478b-b4a6-d9bcdd2c888e,2.395549540145037e-06
d8433768-ae01-4bd4-bb22-04cb05c4f85a,1.018997642655893e-06
5f3b612d-25db-4778-8ec6-20ab1b8dd838,2.4355363018783762e-06
f57c7d03-f1f5-45ae-ae93-1698b08f84de,3.021615025398973e-06
caa4d7ce-fcff-4089-8374-455ad9388ef3,6.515058343210535e-06
227c2274-b041-4d71-9215-b4afe1bf76e7,8.36020612742756e-06
6edb7b64-ca1d-429b-a3e7-4cbedd5e40cf,3.4429785731906273e-06
ac85795e-efd2-472d-ac02-ec0d0a2aea3b,3.862531721966401e-06
3b126f6a-28d3-47d1-97d5-78b9a7f0ce0b,0.00022343040509423408
eb164ec9-972a-4958-8365-3919684f0c10,6.654687020016831e-05
74adc3ea-a689-4145-a4d1-63af819a23b5,0.00018062507782428137
204ab1d4-1629-4d27-8eaf-0757c2837e49,0.00014479836130874458
4a843ab3-c27d-4415-8a9c-cbea58cb25a9,3.828313257684581e-06
8ccae501-86d0-46eb-b74a-ba27065c17a6,2.344704089483367e-05
58fa160a-5547-4518-a9bd-d3d2026e70e7,2.139596658946687e-06
9ed29943-ce3b-4209-a88e-adc69cb615b0,5.7462540658783216e-06
9adab11a-8a81-43bf-9d49-de1bb47ae828,4.737653583248637e-06
7ab4155d-9316-430f-9472-fabb5a90cff6,1.3458964711650112e-06
097a19c3-4e40-420d-bf21-25f65b0782f4,1.2669784161165238e-05
f960c121-09de-4c43-8c8c-26c2635ecae2,1.4057865520999031e-05
98f413c4-8cfa-414f-9086-1fb6f41afe82,5.1814036879158495e-05
6a1cd0ae-f86b-44f0-aa4e-9928280b8f5d,1.5040991568825211e-06
9ec4120a-43fc-488d-985c-ddb0c17175d0,1.9122339551787787e-06
90756411-825a-487f-94ab-ef3f5c6df88f,1.6492439772546027e-05
920abd5a-bb4d-4c4f-a0b3-1f3351fbe0a1,0.0005050879722817355
9bc9f5f4-a169-48fa-b060-6fd9124873e9,6.554067976828566e-06
0edb919e-6c51-47fe-b63d-58d1d520694b,1.1212494490264254e-05
8ed4a42e-fbd4-426c-977f-bca3907ee941,3.0165090396893435e-05
cef87fad-595f-48e9-9537-dcf77d87a70b,1.166575285537851e-06
bb08a05e-c779-49c0-a424-f3cef70122c0,0.00016612306382538243
5e5eff58-56ec-4233-bf26-04284c74ac99,0.00018821053622295405
d56fc7b3-e025-403c-8720-773b35513f4b,6.94067584215916e-05
d7331832-14c9-40a9-9e2a-fa6de897204b,2.0665011552362215e-06
c6a9c88e-d2f8-4505-bac0-fe6553881df6,0.0006264239859427367
c11b9808-56eb-4db1-bf15-70cd6ce26ed3,1.3050040802536836e-05
62730148-c781-41ae-a092-ac44310688c5,0.00015654917963618567
281c8df9-ea25-4bbb-b1a9-98d8ed5adc0e,1.908380582358185e-06
783ba195-fac2-4582-996d-d19a3f899bd3,0.00012778798704059135
cefab550-824f-4858-b3bc-3e7313cf1a25,1.9961880914777516e-05
ff895a43-d9f7-48ec-8db0-7cdf0594f633,1.8971772874628857e-05
04a50fe8-5e40-4215-9aa7-f7e734ecf69c,6.7975054341142696e-06
9f3b2761-13a9-46dd-be7d-8a16a887b10f,1.5184422055356937e-06
c64e7a91-cc41-4466-ae8f-90802ba32261,1.555995194690694e-05
775b1377-1965-4d49-a944-b9dfa8116e1a,1.9692929381689853e-05
e096e7f5-6100-4fc8-8fdb-f3e1666d77fd,0.9662201922430335
b16e0b39-288c-40fc-9b15-b34af29c7c63,0.0017046549002551845
dba3c582-d284-4ebc-b774-05ef97fdb03d,2.357526671253347e-06
3fbafdbb-db65-4dde-81ce-b8007896ab00,0.0043717666519135015
391712ef-60db-4f4c-8e12-9a034e70e154,0.6433602989621366
4a2a2b8c-2ff8-497b-8c7a-c2c430c585f6,4.794021084230698e-06
ab4004c4-b4f5-41a3-b06b-dd6b7c04b648,1.5263523269774857e-06
fb5fe397-ac4d-49bd-b798-e0bfb307bf71,9.582575341563383e-06
44b25723-c6fa-4847-b2cb-e2ba09b325f2,2.6241292983011944e-05
00cd53c8-6d3c-4c91-a6c0-ceaa04cb1633,3.724207543990955e-06
4a5b6b00-4a13-4729-9dd4-4012e14c1b2b,9.338966949354171e-05
aead028b-4771-482f-8ca6-2ff9519ad7a6,0.023379768641819003
09c34ea5-85a3-4c09-b7d8-24131514fc8b,1.6484288932740726e-05
a4242ba1-ca69-4c5f-86e3-e8468fd30f11,1.7714427571766075e-06
e1c5f776-8242-4ccb-a910-353a14203c58,4.531647744409262e-06
2daa2645-61d5-4ff3-9ffd-a141e72b8483,8.666335028728043e-06
f2e7a03d-3ef2-436b-9687-d52a045b5512,1.0767757234377438e-05
bd2fba03-746f-4138-878c-606c2eee26fa,1.4448892793705529e-06
94b991dd-f19a-481d-8160-80f9dc10cec4,5.237304337205113e-06
cc5fb511-b92d-4f3f-9243-17c8028d1a5a,4.3101274591127615e-06
57dcc7c2-6b15-4da0-aa86-0024159f837d,2.6735543535360876e-06
7bfec9b7-4cd6-4f36-a463-4eb120747e39,1.2651222246420642e-06
55cf62f2-7441-4e44-8bd1-5c0c30feddfc,7.2141062622323845e-06
4b2a998c-8420-4553-ba12-0bff9a901803,1.3887626646066906e-06
3e51b2e9-0eba-4592-a61c-1abb23a6c14d,1.625482329569396e-06
c8fefbc5-6a1d-4171-ad2a-bd82fec4d813,4.23571760802974e-06
7e383bdc-57b5-4c87-9e1b-2ffd67a723a9,1.0049478268643358e-05
335a377c-7e72-4db4-bbee-66b989a603d5,1.3138896618237796e-05
95f67ec2-8c0e-41d3-994e-3e40090f843f,0.00012554425476065534
a8f1b2be-b90a-4005-8dae-b0d875005fe4,1.944243396752128e-06
76178835-45a7-47d4-9f4e-9541879f13a1,6.728520379024705e-05
f14fb02a-f3c7-433a-85c7-287126ca377c,1.9301489282107648e-05
f4b40f26-87dc-498a-a1eb-189b8658cb94,2.852293517646955e-06
c665c994-b74d-473f-908f-438400281d74,1.935832632322004e-06
4801fcd4-bca9-430c-a44c-2e6d3ae007d7,5.6248367140417535e-06
d6267eb5-0049-46d0-8f90-9b817aeadc40,2.9410625597690623e-05
36af046f-34f9-4e80-881e-3e22605ef4cc,5.966822214175764e-05
a569d5c1-7678-4400-9331-fdd6b71fb96f,1.502298565023822e-06
37fb03f6-5765-442f-b09a-aba8170778e6,7.327978358703386e-06
6d1eea31-f602-4b35-ab58-8e1246ceba9c,1.2537730942578864e-06
de7cbc01-de36-4898-ba3c-3dc3f0d1a438,5.554587411222412e-05
5dc0c46e-f1c8-4c35-b3e3-ec95034b6801,0.00011853702671566829
fd55b8b6-1a4f-4433-8343-efa7ee9659d7,5.335408715836673e-06
30a84a6f-428b-4146-8dd5-051b4351c103,1.3070694787738503e-06
6c82168a-3c42-493a-ab99-80aa80aa81ca,3.04174219488686e-06
507f34ee-f193-49a4-a903-1b2a2329de07,4.85491498009976e-06
47551904-d3fe-4b8e-9c17-3452fc8e9679,9.017537370640633e-06
0d78451f-ac8a-4850-857e-fdf5dcbf8261,0.0005756709603103869
1c27b8aa-e45d-4d60-90ff-c83cebcb111a,6.409908882762274e-05
5971e774-2ba3-4625-aede-7024d7dbc4f7,0.7743325766922293
b3af9263-20d9-4ac4-90eb-ee7df8a8a653,2.9533588314177247e-06
9c157871-5633-4166-8723-ccfb8d759b3f,2.4994634309298423e-06
3cd16517-afe2-41eb-acea-17013a2317a2,5.770942517268291e-06
8f178ef9-522d-4ea1-8dac-41c75d64977c,0.0007350181109988602
aa731e77-fbdc-476a-bce6-e09b6ef867b6,0.0038881984661710187
f7f5c4f0-f136-4c68-bec7-1bc5ed72f246,2.923987545786538e-05
6ba9cfa7-88bd-4a0c-909f-c29ddafe53b1,1.4673357393261895e-05
25ccd864-e37f-4c5d-a7ab-60ccc121e207,0.00021076560164843265
fe5ba1a0-3bed-4b73-9458-c2c8e5f9ccc9,3.0631335709020694e-05
bc7ddce4-c88e-4959-a876-816dc35ea68d,1.1592907990899967e-05
6a7239d8-042e-458f-a1f4-85300f842996,0.19414752717392583
a19a7daa-e970-42ff-af5b-d413e19763eb,2.3267026179573634e-06
cf7e119d-959d-4766-85ca-eee1fd4dcfe9,1.9568005094857177e-05
b5213081-34f0-4868-b893-fc5f207c8b48,0.00022289959757558443
cd4ac085-1954-4761-957b-2b0764f89802,4.240151295771201e-06
bec2ec92-ac9b-4d86-87e1-130df934527e,0.001454565233613342
c1dee184-210d-49db-980f-15f2d9f36904,6.430984618043988e-05
b8f9ba1f-4164-4ea6-86a8-761fb4fa94d9,5.393510162889825e-06
14e8f0a5-8b31-45ff-8f63-43e8955d706b,1.9690577266750246e-05
facf39d7-6c90-44ea-8f0c-19cb65bbd010,0.00011494979509941397
2bcd31c0-dcf0-4d40-9911-705bc1496512,2.211296858139816e-06
3778147a-6acf-46a4-bfd5-69a0a57a663d,2.175573940248638e-06
5fb0dcbc-e91d-484f-acc8-1dbb7959abb5,5.488141020716753e-06
fa71117c-fd73-4f88-aa55-bf98aadb3b48,1.0168903462881112e-05
eb9e78a4-9a6f-4123-a2dc-9d5e33b1ba22,3.107794308221448e-06
563c8e82-15d0-4b2f-b0bb-57eaa30e5aa9,0.002079753351749825
500c8b5f-be66-466c-928e-d5dc9d612e74,0.0005617249923426111
15c670fb-83a5-43ce-b25b-c0c5db5d9f13,4.118539321885612e-06
68ec538c-21dc-4c61-86c6-6f81b3e66ca1,4.2856992263723055e-05
057e9f05-fee9-4ecd-ab1b-494c514d541e,1.1998812051608874e-05
28253048-0c93-4de8-afa1-ec8babf2fa6d,3.6760702333176316e-06
b4846016-3685-4a8b-a737-0ea832ee3cf6,1.6821548226157105e-05
0287e690-271e-4e83-8ee1-2f982170ebb0,3.8641785203737254e-05
ceb139af-fd09-4008-828b-87ae29668683,3.2946377239608656e-06
387093f2-f8ab-42ab-ac45-339d3db13730,4.192412958880292e-06
64ad3a4b-3da8-45b3-bd12-fdc0e21b4341,1.1076645017904436e-05
10b0ed27-7678-4c16-af70-3999e9a1d30f,3.5357414745235424e-06
8399fd13-0083-4458-b6fd-7adbb73a26d5,0.008780259717914816
4b040479-755b-4517-af37-6984e1e0a709,2.8226682234914753e-06
1dc89ca2-4365-485b-b26d-045cc39827eb,1.320875268014701e-05
b090f9f9-0ffa-41e9-b4a0-fbcd7fbf07ee,8.61527902508596e-05
f54769b2-bc5b-471b-bf5d-e23ef9cfb573,4.8317950345448974e-05
4b440957-8fa0-4d92-8f5e-c1bbbb5204cc,0.00020092750723460354
c3e63037-c601-4d8a-9d4c-aa50117e94b9,0.004546459999699212
98cf04f8-5195-4ad4-ab17-2a4932827dd4,1.4866847779036857e-06
9ea93ca2-a65f-4dd8-9849-add16225a559,3.8196331379812776e-06
45597ecc-ee64-4fb0-bb4a-6143446b585b,2.2217262951643286e-05
242c742e-e5d8-4588-a343-662a7cf66639,2.9267939640410964e-05
e5512fb2-3dc7-42a5-b1fa-02fb39781338,0.02264075067268592
7a6a59f9-c1e3-44e3-8b55-aee219f04f1f,1.51068719367114e-05
f19a774a-e857-4afb-bd44-3a305741fe6e,4.8736975015526015e-05
54cba7c7-53f3-40e4-a5c7-0907218b17b5,2.022224318749402e-06
88f13db8-232d-47a6-ab57-de8b7069336d,1.1473246577399888e-05
5008e9fd-1d6e-4dfb-989b-05fb86f00dae,0.0007107187105749561
05db15b3-7ad8-40d0-bf4e-6a9ff2cba990,1.6021248830423654e-05
a1f23285-070a-4ab8-84b4-d60b8f8ea50a,7.589583299962872e-05
4e342361-ced4-406b-8f97-f7b2baf1b14b,1.1305972745083757e-05
664d2bbb-081b-43e9-a5a7-cd7a0231bf28,6.462027421842415e-06
7b621df5-1bbf-459d-a5ca-ac1e33bd5639,0.25693951216133093
a270ec2f-e59d-4633-8a6c-754d4c5f514c,5.902563871611067e-06
835c2cf1-cffd-4de1-bc2b-02ae8fd87b2f,3.105287547089827e-05
6c8d9314-f829-4a9b-8467-3ca9a4eac8b5,7.125475741055493e-05
2afc1baa-34e9-4eb9-9235-8594856fe491,1.0978218219815641e-05
7be787cf-7d3f-4070-97c3-469d1aebec93,1.1166319284776262e-05
58f571f5-62e7-4ed9-b45c-15fc06ca1c3a,1.6649095663321322e-05
e31f7df9-e289-49ad-979e-d1229c06219d,1.0369637731312713e-05
c978bdfa-9095-4b4a-88f8-ce20f4d464ea,5.301765998020977e-06
ab237d04-6359-441b-91e6-e76bbd4faedc,7.514048521375564e-06
c3ab4437-7545-4581-9d58-8b5a3fe6f638,0.0024999304283103417
ad28cdc4-416b-43f7-876e-eb548e8cff60,0.04931760303438453
f97341c9-86d5-49d7-975a-1a68ca45b6f8,7.517984293268194e-06
3d7646a4-66b5-4e61-b9cf-f3f0cc1a6904,1.0201549372521829e-05
b99b93c9-09ec-4dd1-b28e-bd9b0ad9c697,2.0258104866779158e-05
e6b430a0-bab2-48cf-84e1-39d7a77325f5,6.6126166772199874e-06
baa7ccea-0a3f-4c7d-97af-03ab460c9ecb,8.453120051094603e-06
6519f8cc-9b1a-4907-a72c-97e56f6dc160,0.00015768053987280127
a29abaab-cdf2-4da4-a48e-76fc483470af,1.249212273128063e-05
1a075f31-c9f4-4cf9-a227-b878858e68a9,4.086112814473654e-06
8469dea5-3a74-4a50-8221-e1ce9c4a40e0,1.2034216956737462e-05
eb11855b-e215-4761-b0b9-d3cbce87d119,1.1136595656733912e-06
2bcab4ea-9c14-45f8-bf2e-6dfc2addab83,0.000191916379181662
d45d35e5-2b60-4001-85c1-d6cb0e7a59e0,1.513933070332568e-06
7bfa20c1-0833-4127-9776-056c4f4c561e,2.719673073701029e-05
385f8a72-5959-4756-afa5-3febc2ee8aab,3.991806527877461e-06
0cbed9df-1307-476d-bdbf-d24519f73020,1.2625881921651114e-05
dac57a1c-6254-4253-b609-56cef12aea31,4.995327979650702e-06
edf71bda-a8a7-4165-b5b6-e18e321565ec,2.047038217049697e-06
f3be800e-3e9d-4ffa-8bbb-4e00398b4774,5.272043247915541e-06
7a838026-4e28-4233-8ce7-98a41c8951b5,3.985601199388108e-06
879d415d-e3ca-4b75-9dcc-313ca9d9a37a,8.512238930887454e-06
3fa0c4e4-ed18-42cc-9298-8d4b56d75aca,5.948332073373532e-06
dbf307db-18fa-4e19-afb5-22d72e182d01,2.4219841445625107e-06
0514a254-42da-4482-9ccd-7eda4df1aeab,2.875313811742667e-06
02830406-d015-4d0b-a984-b9088b265394,4.867234277936435e-06
d56fd717-bf9c-4bca-8a19-63ff6a8a399f,6.1791368422760526e-06
47a29a52-c82f-431f-b495-ef5b8bc284e2,2.9247414230873754e-06
0ae10344-ac01-413b-95c1-84512908c1de,1.1761771096388342e-05
01f84635-8b7a-4609-a867-3f0a661f9076,7.52915112254334e-06
9c099bef-dddf-4e82-af4d-83edbd97a01d,3.602500262005745e-06
1d27b48d-819f-4d1a-a220-60dde3e95129,2.670938595583573e-05
b7ff4c2b-e414-41a4-ba7e-2b15e52d1177,2.2334196750424745e-06
34c09b9f-6ffd-4dfc-ab86-a0cd9464753e,6.048110380605751e-06
0c355859-f6e0-473a-8cab-429d0d23b3e4,5.599699075186636e-06
82915137-cde2-4622-903a-a3a78b1acd7f,3.784662077830632e-06
d88fd36d-020d-47d8-9c9b-604e8a9bd9ed,2.178403910181771e-06
bf71013a-5bdc-4b8e-a2e8-51ae23b74fd5,1.502706433469873e-06
58bdba2d-076a-49a9-b85c-e21bd2ee54db,6.56312290660365e-05
53d8ad32-11c6-437c-a1df-9bed3bd2321c,1.214834598016362e-05
3a47c1b5-2fb7-4828-a267-a649acdf6bb5,2.1959922728473986e-06
b096e59d-9fc9-4c9a-b12f-8dbd01deee1d,1.1867793722120483e-05
db3fa8e5-0406-42fe-8615-0c6ccbbc36ee,0.00010253970489005914
35e38e7f-53a0-4b47-857e-48fe9d522f62,3.859087877791654e-06
5738be77-245d-4c03-b39a-8c7f234ac997,0.0001498770901623421
2c77cd1e-336f-4884-8ada-71f3ee97ace8,6.445428208757239e-06
15ef512e-8b29-44e7-b46f-572ea2c527f9,0.00014737586836545194
6c5d57ff-d22f-4bc4-91cc-bf75d1d1e233,1.4852111080749152e-06
c182601b-7d17-4d37-8846-939687380cb2,5.023288950898357e-06
59f4417e-fce8-448d-bc86-06c7dcab658a,2.3131467880815738e-06
089cf4af-c2f4-42a5-b4b6-2d524b2cba43,2.2217228875831025e-06
b948b0c8-4826-45f5-8085-5d1a46706877,1.1461449892529513e-06
9eebf2a2-a749-402c-92b4-9eb43469ae15,2.3595573788501657e-05
56eb3806-b4ed-4455-bb30-c8a509533fd1,1.5518316546406637e-05
98d04977-895a-47cb-8ca4-249d42bd802f,1.8103021865622905e-06
aff7140b-4c82-43c4-95d6-aa0695f1e6a7,2.0897503095868452e-05
859a9431-840b-40e0-8d35-ae1b3f7ddeec,0.036025022414421806
f6603ce7-c875-4900-be16-92c233014e4b,4.816002966866661e-06
ae8cd254-9f2b-4ef3-879a-4c17240ed1b3,1.8393627894837654e-06
9061d570-b2b0-4897-9bb0-91da0ea973da,5.8108537655342385e-06
8c5ebdc2-4b55-47b4-abef-aba892738e1a,3.268807861830926e-05
53c65614-f0bb-4bbe-85ad-fae2c5d6ed7f,1.557761038073714e-05
67fc15b4-f631-44d2-a563-8cd3cab64305,9.033791780006372e-05
89a2d1ad-4ba6-4276-9aba-260d486f4db1,9.779269472561601e-07
d621e870-339b-431b-89e8-31cb9300a7fd,0.004542834672694218
00f56648-b96d-4a76-aa82-332a7fddefca,1.1074525213587515e-06
6da59f10-56d3-4635-8085-f0dc399b5774,0.005695580052994658
ec78ceaa-8a39-430a-bfb7-410c602ae17e,4.6235211253189995e-06
4bae4bfe-c46d-4806-a49b-b046b7d38876,6.050281658309418e-05
bebc6e74-df1a-45fd-900d-69b3daa481a1,1.6568093517225804e-05
e7fa5499-cc66-493b-afa8-487cf51abd07,1.6835184187377983e-06
ecf1fda9-dad1-45e6-a3c5-1e189b09895f,4.136889027289941e-06
2ebc5c7c-e606-4c9f-95b3-377a26e54cf2,1.7736778003258464e-05
771c0155-41df-4adf-a80e-48adf68c1655,3.6095636199537006e-06
01e9d296-d724-4528-9558-afabf4aa7053,9.834818245414836e-06
46073d4c-2e74-4357-aa68-c7af8f8986bc,3.720514117446294e-06
6e9ef518-fb50-4522-bc89-b2f852a0396f,0.8609114271625181
f8fa76c2-4305-474e-a837-bc9a550a9d62,3.4334588283326137e-06
bbb8a4d8-779c-47d1-964c-44607aa6fc71,3.881766985625361e-06
fae8df78-5042-431a-baf6-bbfe7d2d4f03,1.4966787867545832e-06
62365847-7ce4-4a8d-8822-fdee03e98fab,0.00721028371815347
a6eee1a7-70dd-4dcd-bc60-c237cd5d559c,7.110386298230474e-05
3b00ba6e-fd87-4974-84ee-95a6bd04cc6a,2.404818213798516e-06
7e191bdf-eb5d-45ba-86aa-f65b36823c42,2.0280389476892065e-05
4a093e81-ba22-4424-9736-747d4e95df50,1.2159793693005548e-05
9bce53df-a7ad-43f2-b277-f6204709209c,9.65226578697271e-06
a3a96bc3-764a-40ec-88ef-3b51acf2ff2f,3.620615844990723e-05
fd540257-9993-45b6-8b5c-eb9ad8395d82,4.609360492489047e-05
5f2b660b-f4f7-4005-bdd7-9e402829e9b8,0.00039241159975099735
44a91fdd-2dca-4ac0-a947-4767d8f6b994,5.854967429858465e-06
f0855f1e-af42-4c52-85da-718efd0e1d12,6.296871000325626e-06
7a42654b-9a33-43e5-8518-4c4734df0ac9,2.8020508277557464e-06
ac78985b-7187-4ccc-9d01-c254cecc64b1,0.00016149390253466774
fb1ad1e5-e500-42ca-8ef5-1b5a546ced93,2.136588669574981e-06
6b18bdf4-7b40-4f82-9d87-41eb9482fa60,1.566488487164278e-05
9e2c9de6-17ef-482f-b05c-3c9d6f7f2e0a,2.869545652647919e-06
c5ca85c7-9e06-4d08-a503-19ad4a1ae7f2,4.520751053580093e-06
ac25c85f-293e-4cb7-9b74-d6767ab37c4b,2.5221274601139917e-05
c2c460bd-1de5-480a-850a-6aec2ccc3761,0.0011817695457136087
bfab9b6e-e157-43f5-849f-4bf18bec4ba2,6.486488970384858e-06
8358b58c-7d9a-4bcb-a852-8041bc13070a,9.611461515770714e-06
bdf1410e-d638-4c26-8a92-c45eb4801ba3,5.22194012699984e-06
f2f94a15-4312-46cf-853b-9be375380067,0.00019434300466117022
0064496e-cd85-4d9c-82e5-9e88cc435fa1,0.002118428405270326
b0d5e036-f7ce-41a7-9db6-b9ea35781461,1.8701140024451485e-05
32a8dc72-2fb6-4d49-9fcb-08526bf58c8b,0.0002525795315591682
dd9f79b6-fe89-4fc5-9bf3-25d4e71a6e0d,1.5004392682318336e-05
67ac2445-1e1f-4a11-97d2-690e9a7aac08,9.852596376847369e-06
915f0870-dd09-4d3c-8142-7129cf72d9f9,4.8477667528988545e-06
67415db3-642c-4a3a-9a37-88126c808828,0.00044047286287304945
8ac42601-175f-4953-91d1-7deb57914b66,2.1769974885351748e-06
57dd99de-e2ba-474a-9c03-e3310bf6d798,4.833827327836949e-06
e5c7f4b0-b75f-4d78-8605-0312c65e9d33,6.032852063177631e-06
86f6f9de-0a81-4395-b71f-06607c69e1d3,5.115545953737678e-05
3182cf1a-6ac3-4b43-9854-cd9d8df1ec04,3.869700646277578e-06
6e37be38-e340-42fa-aa65-3614103deb60,0.0008620846611164047
ff0b0293-a0eb-4c7d-afcb-ea2c09bc2464,3.593332595517403e-06
e90401cf-4fd6-4b03-88e2-bc6476d4ca40,4.066179638923097e-06
cfd0bfaf-c636-4454-aaa0-c8a55a5dc449,2.385356253253954e-06
70dd1532-22a4-4ec6-a9b5-51504716878c,9.780380489112915e-06
dbb96392-d623-4b31-9576-16e38894a647,6.7089504279853334e-06
9cecab84-08a9-4a07-8e6d-b7a253d4a9ba,3.242744252478305e-05
7a5330f7-5ca3-41db-92c8-ed21f2ef64ae,7.015607059025613e-06
489dfb43-f5ab-4637-bcfc-79a5530d9465,3.2327678744545335e-06
761e88cc-d15a-454c-8946-a14bfd1075a2,4.285955453806539e-05
58ff4abf-fb82-470f-8940-519eb08619e7,1.1924727479605676e-05
28398a23-1003-4e01-95b7-5d0cc108e8c0,3.683609016528455e-05
47cb9f49-bebc-4125-9ca0-4e74b0e6c552,1.962852000529172e-05
3d5e2650-f516-4e84-84b9-511681d29093,1.491314742001748e-05
87ba2b3f-a39c-4405-9cbf-abeb0a7bd8ab,1.3209478416660626e-06
62a3331e-9e6f-462a-89b6-49cf24b47ea9,0.007094011737040248
fc9ea7b9-27d0-4091-8bac-fc5f8bd57a74,1.5667611030240227e-05
9ba09c9e-acd3-42b6-8633-60b74505d034,0.00037351962488923514
032e290f-02f6-4ab6-9ee1-90b5da8a1ee4,0.5994406859647371
d3515494-11b1-48c8-a73c-d8b39f33a5f6,0.00038960048361509685
c2943f2b-9349-4afc-963a-43dcbc8c7ff3,0.024717061295591643
6f2f6076-1f9f-4a43-a821-a31a3d4d4c88,1.3187220630840887e-05
b6ed1599-b876-4f14-a298-a5f93683de5a,6.64752442550045e-06
9ef7b504-2b18-40f4-95c6-e7cb67913877,0.0008912124526427312
7e0acbb5-c600-4d80-9a5b-c9fb55e50162,1.37556436610996e-06
b09a5e15-78c0-4434-970a-4058fe1c0353,1.1770180069342493e-05
34c3bf78-43f3-4999-93af-751b43d4ce05,1.2051983640615756e-05
e7bb94b5-64ea-4463-b97d-340d588f433f,1.217104670453875e-05
d085072f-de6a-43c6-b173-6ed1fb8ae139,3.9674721798824994e-05
b0bb7106-4b8b-4db8-b4e6-ec1f634f21ea,1.8002154240596199e-06
27f8083d-be64-47b6-b306-77e8285bf931,1.5572745313216366e-06
57e53445-694b-45e2-bc7b-3be53b254874,3.786324438149036e-05
55af522e-60ee-49e3-9087-a6487ae4a3bc,1.838178221761516e-05
f02ad369-0c00-4ffb-94e5-db65ad9af9e4,4.894872655956786e-06
5f342f6c-d3c3-4c4a-b127-3084047cd541,1.833591983321923e-05
8979a594-9963-49a1-98f4-6a6fbfa8a728,2.6562210458577392e-05
25f02b92-cbaa-4820-822a-21c9b46ae05f,2.834053676200806e-05
5e8ef8e5-596f-4bf3-b4ee-2a0304beb6bd,2.2737097239756174e-05
deeb1118-080c-4cbc-92aa-7c97bf643477,1.9802867628366076e-06
adb686d8-5aac-4f01-b252-e9a62b536fa0,0.6277622338513162
5d60a8b6-4e16-4b5d-a06c-eb3339df375f,2.0742779002519008e-05
b24fe90d-46e4-4514-8c4b-c2e98eccb1e6,3.590577376754427e-06
15575ab4-37db-4c61-9dc9-6c097673f8af,1.7741817742805513e-05
92cd630d-b7f9-49b2-a53f-4d84934edeeb,8.942410751095124e-06
a642ae6c-2487-410a-ace7-32878e3f4131,0.6298874801286897
ff1f6f98-0aca-40b2-be57-f15e5ba0e184,6.153592018274221e-06
6c22396b-6d82-4947-be9f-22b7ffdc3e8c,0.00018954868647198456
f3dc29f4-0a11-48bb-aa3b-e53b098fe5c3,4.091193434257636e-06
3bf04847-3da0-4bef-bae4-2e610a42afc2,1.9378635342032906e-06
d6c865c5-272f-44ea-9cf5-a7f25beb9eb1,2.2670823863532484e-06
db261d16-a7c5-4ca0-81da-e8843620a3b6,1.3223723837496091e-05
a93bd22c-8901-40d5-9d72-9732300f6d50,8.952573217229117e-06
833fdda5-75a4-4870-b4ef-78bf4574fbd7,2.110745250206902e-06
995bc1be-dd08-4f8f-8092-a6f9ec045044,9.706902333905377e-06
43367eb0-4de0-4e87-9920-607c3f733bec,4.136832447803821e-06
1fcc3cfd-5acc-4057-b5a7-dd586ae21be4,1.2355769684482528e-06
bbb220ac-920a-43f6-a269-0bf4ce5a901b,1.3314646497171843e-06
7dbc2065-cec0-4798-80bf-22d17f54bd12,7.976681928911777e-06
b2d99407-a0bb-44a2-bc77-f1f2996859bd,9.89915616175916e-06
25ef5e17-67da-44e5-8094-facc02828c21,6.040104680324313e-06
30cbbcba-7912-4853-b359-3187fd3f62d6,9.302444817288972e-06
a6768ca8-0985-420a-ab84-92af670a4383,2.6739719852797746e-06
a767ca22-791c-44ef-a654-c5ea720e2fea,1.8512672541111328e-06
ae61c72b-a155-45e3-b0c3-826fb2334503,4.868149079893525e-06
8f5b56e4-b6a0-439f-90e9-2f57eba99f99,2.112156524228359e-06
881616e5-cbc9-4742-a367-988053865330,1.644815062711687e-05
218cc063-dff0-4a13-9899-7e2d45885353,1.2828977193104686e-06
9fd21f35-e589-49ae-b5d0-83133a9dcc32,2.1892876474612545e-06
7d9f481a-0c60-440a-b3d3-c86f96035f07,1.53605268207453e-05
c1afe981-073d-4308-9f28-e65d752507a3,1.5650791956604833e-06
e5eb9ec9-4d1b-4066-8f84-1809aec8b13c,6.219516191236959e-06
737dd167-d589-4947-a0a2-0eca70a36468,2.9063802626799193e-06
deb4d9b3-98e4-4b5f-b967-2a7c512429c0,3.986909339401237e-05
4c930e9b-b99e-4422-81a5-b1dd1dcbf1a3,0.0006935315565149674
58cc7695-279c-4789-a247-6d68c108f788,3.636104928707145e-06
97d95fe6-3029-427c-a862-99d6dad22acd,7.63097503625496e-06
57e542a9-32ad-4fe2-9ef9-93802e184f9e,4.0192815129218854e-05
46d1dd59-de4f-45d2-912a-73f7f7d19534,2.335804466630478e-05
57f4a0d0-a89e-429c-8a63-477b09943ffb,4.176203826665775e-06
22089643-d716-4995-8186-64d0d19bb9f9,2.289896653177692e-06
4e62be4a-42e3-4c2f-bb32-577271699b6a,2.929592920676512e-06
24b8c96a-2f5f-44f0-9a23-b503d285c6bb,3.434223968903628e-06
d32512e8-361e-4e36-a811-d8495da8c548,1.0176420814522948e-05
8e51c914-3378-42a5-8220-956a33688f76,4.733309730814523e-06
b02e6364-a274-4c35-937a-a86d5c47f4c8,2.7648286117065173e-06
136f2584-cb15-43da-b632-a28233ec86f1,5.928064616296012e-06
3542eb02-443f-4c83-abc5-9835608495c1,1.7714060245736746e-06
4dd866e4-f860-4033-8b02-17efc88dff27,2.5076070453084487e-06
c75d9330-2b62-4acb-b02d-ebc1e198a05f,8.989224509167916e-06
f9960fb8-18b0-410a-ad4a-f012a2d1dce4,3.1795443320639125e-06
72baa6a9-9b71-45ba-8168-77e307e54f9a,1.942295275464515e-05
6665f75f-82e2-42d9-8735-d2377aaff9ab,2.522905611858138e-06
bbd84b40-28df-47c4-ad34-b62943d62137,5.655425235036812e-05
a156956a-a43a-4b11-b2eb-92ba0260bcc4,1.6940557248022443e-06
dff1639a-7b82-4e46-9827-e901ad2f6511,8.007012426992178e-06
43e0c20d-bbd0-433a-9b36-1f2effa2c663,2.0994763385653533e-06
33b66169-6740-4b03-9878-dad7e1af41f5,1.2495672105091128e-05
33da269b-da14-4c1c-8201-072e1df87a76,5.776381739680749e-06
287a960f-52fa-4819-8b35-7a6b4fc4ff67,2.492133598406324e-05
6ea953ea-63ed-4b24-abed-1b46047085d3,0.0004962922189261282
362a3b62-90d8-4385-8c9f-b677cc905e5d,8.99379994506504e-06
4b3a9f30-1c56-4ba4-b748-9b58f879e9a1,3.6161685645894444e-06
a4200cfa-5c8a-4d8e-89a1-c569f87f48a7,5.209871848316748e-05
4d535437-591d-4ae1-94dd-2617de0ee8b4,8.04899202365093e-06
b09a0f0d-97d9-4e53-925e-ad637d71c8a4,1.0502509082393866e-05
98bd020a-c00c-46dd-9631-d4e8eb44056c,0.00013301646656335494
c2d53945-bf21-47c6-8317-069ad07baab8,3.450785454333753e-06
cb20da96-0504-409e-b242-17ac44f2cc91,2.3660099303951965e-06
843e51a6-4d85-42b2-bb3e-f85e539932a0,2.697002605583112e-06
be8c16c9-d14d-4d93-b257-323eaf898c3e,2.373740716498393e-06
23329f71-e939-4e2c-96eb-7d5d5f609a48,2.2189353083823634e-05
a1c03a4d-b3f3-415d-aa19-64b36cb2b8f3,3.214238291510988e-06
b8300e1a-9dd0-4b7b-be83-352c8ca54094,0.0015248987553237597
d2364371-1b12-4a55-a563-3fd5e2a64cf7,4.914162830178213e-06
58ccf1f0-5f4e-4a40-ba02-0f795e1d8f89,7.396624143497576e-06
46d0763c-6da8-4a9c-9fda-a690048e8f3b,3.929539939376064e-06
2abbf835-e124-45cf-a788-be1fde26004f,2.5239944901558736e-06
f9ab4525-09ad-4464-9264-1cd1e9d6192e,0.0004691030841253181
e10d25b4-bc05-4f71-9edf-ef6f4912bf39,2.5713625013531604e-05
3a6ca6ff-fb12-415d-b30a-7da44da765f7,3.3743568374570533e-06
f823f6aa-d269-4653-80dd-02b0083ba686,1.6652023425821435e-06
d2c5809b-e47f-4a25-8c24-ab187d8e8b25,0.0008501873420376753
0e4104bc-d1e9-41bb-a0aa-874aa6105513,3.480933546071183e-05
481420d2-97c4-4370-bd5b-f5be8e92f973,1.0981185037752499e-06
bcf47319-a6b2-4f78-a82c-a8a200cf8784,1.1580035128262001e-05
13af826b-8bc2-49c5-8817-4745898d9e3a,1.0508093350611636e-05
a1c957de-69ee-4b06-9c36-2f28b5075ade,3.148216312674295e-06
47115626-e84d-41a6-aa06-40d1f7c873f7,1.335429566831207e-05
17e08bbd-df5c-4739-a8c7-ef853c670271,1.0897971624055646e-05
758fe89b-a561-4fd7-9e56-b85e3bc8239d,1.3805427182784996e-05
09749845-6b18-432e-893e-de8d8531660d,4.1067797387874586e-05
b9e00101-d055-4492-b301-c744977d3b02,1.1950854185218263e-06
dddfd44c-9826-43a2-98c0-e121a4b03c00,3.421436586732471e-06
68f6813d-5660-46c2-85ca-31d8f10850d6,1.457014324273991e-05
3ed2d9d3-15b0-4cda-900d-1df37a1518e5,0.030273044370609483
3b2c65dd-ca50-4b18-9c2e-75fbde444210,6.7824092956570375e-06
83933fd7-e980-431a-af3e-0bc15d26bbba,0.5690935555623823
be06b928-f06c-4619-8aa4-53d0e450dfa0,0.00012807832363632347
ee93591f-0aef-4420-a07a-2c3c1b85dc94,3.1335913447868124e-05
3f892d59-606f-4d79-b862-dc6cfe9cabf7,1.291010577345858e-06
9ea269f3-83ef-42f9-8f47-336206d73483,4.462964187693382e-06
3860b827-f2e2-4a34-9a2d-0ea1c7724d23,2.691325792825488e-05
6af0e7af-4fd4-479c-be3b-ae0955f953de,3.2678613602972684e-06
3eb5c7f5-b7f2-40ad-a930-8e4a6e1a09c0,1.864558563196463e-05
b2d3ea18-d7a4-46f0-94d4-3768d5072f3b,2.204568680403812e-06
037dba8c-e656-49fd-937e-22b0c7065542,1.8744956884471475e-06
300117a2-b8e3-494d-9991-6e7b0e3506e6,5.949878446886593e-06
9560fa70-03c7-4257-9c1e-1ee6fbb25fa4,0.0001579254324749779
2a1d2f0b-3475-4f46-9f09-a71bf88ae8cf,2.354957560472316e-06
6867df2f-3811-4915-a6bb-0ab68b9c32ed,0.00013217723372514764
a1981d07-68f1-48b1-aca7-8a4db78e62f6,1.716935460675989e-05
f84b9538-fea8-4192-a116-9fb16c8c6265,4.306195342586815e-05
26cf423c-d207-4d1c-b64d-6df5f61f0197,2.5858275227495267e-06
7bd2930f-58ab-454e-9610-e3788738369a,6.334164776865069e-06
6be3a05b-6139-4352-a9d8-2dff85974077,1.4196520265088083e-05
ab2319aa-f23a-4f74-85a4-33da6e676660,2.486981605406457e-06
10e3cc04-d865-4e28-943b-59e81635136b,0.008236702475258123
2ebf550d-2d80-47bd-a24b-926f05dfda24,8.114018923985408e-05
12d6dc1e-0f32-4dda-8e43-98c2671c8501,2.5072275362412674e-06
2087ac84-5b8c-4bb6-9574-936062ba8c19,2.2680920639802162e-06
4665fc35-2ba6-49d4-b167-211e0d6c2343,7.04571769119829e-06
4f5567d9-ccca-444a-a9de-49a89ef617fb,1.2742978241226623e-05
4b940f9f-aa2b-409b-b523-d2a3acc632ec,2.206868537954496e-06
6372ba63-aa56-4722-b8be-2a777239152b,2.9790835762966952e-05
b1193850-89c8-44f2-9092-9163a903b897,0.00036924527442186564
d7e767a0-3819-457d-b57c-d0b198ff0f91,2.3918620351032964e-05
f4106ed7-cc35-4351-8c02-63db6ee1e10d,5.4340640446184805e-05
8e50e816-5323-46b8-9308-e7aeacc4eac3,7.921780897546026e-06
26c29a80-d3d8-4062-93d5-93e26049432e,4.3616694002145755e-06
dca42d57-7efb-4045-93e1-82a1f0d890f1,7.060005077493743e-06
c8381146-c74b-4ceb-af32-4fe4cf503705,3.19730149719838e-05
accf1962-b497-40c9-9dcf-78c8c3bfc1b1,2.066994102404539e-06
8cb8470a-870c-4914-98b1-39594250abe7,3.487843527505979e-06
1e213ae8-c893-4992-bc00-5c6580faa65a,1.6256887367827626e-05
dcc19460-8665-4a7b-8352-35919b6f29cc,2.342934980105248e-06
4f2a8810-1b1d-4266-a2ab-d5a95841baad,8.918071614641431e-06
a1038e52-69a1-444a-a1c4-cba43c67749a,1.8813140939766545e-06
c401c17f-5aa5-4ee2-aabf-1479d620eceb,2.116687925640942e-06
278151fd-a34f-422e-8f92-70fb625f69b8,0.7584941950743739
9943670f-ece3-43b1-87c1-0de9d0e35ebd,5.1216884042324355e-06
4f2562a9-973f-4754-9ade-2e7b11090d54,4.667788264278163e-06
a2fa06e5-e31d-4412-8cc9-03096445da57,1.2972673346236516e-05
7c9d2e09-7607-40df-b324-3f3e5c8d58f6,4.197702305646765e-06
a60ba842-0668-42f8-9841-8589d9153a42,1.263992088083987e-05
87c4a299-d6ae-4acc-9b84-7247d05e8dec,2.23983536003354e-06
c3b8ee35-252c-4b5e-ae65-9e4f240f28fb,1.0517832761446274e-06
42d9c4f7-cb54-4581-9906-c49e642480ec,2.1505462118131707e-06
a0104877-800b-44a8-99f8-facb30f74890,2.3762422213360696e-05
efa56b5a-2b70-44c9-a644-d9b974685b9d,4.881785544967866e-06
4b1987d8-34d6-4a36-9da1-5834467fb32e,0.0001371100787071178
1fe1f5de-6105-4212-b37b-4486056ef16f,5.4362196910127e-05
9ef5667f-3713-40cf-aeaf-a6a700980098,5.7993135150908936e-05
6be86c99-670a-4e7f-9b68-ade1c970c04f,0.10185234318470775
ffb2c905-f286-4176-91a8-c1f3afd12ee2,8.036990287057936e-05
0b18ad67-bcf9-41fb-89df-dec5b77f6eb0,2.232910660206653e-06
b53fdfea-e615-47e2-aedc-dfd2b51f9de7,1.4208261334128818e-06
dc4585e9-126f-456e-a81b-82e40a7c5c6b,2.5363085072140505e-05
a5925e9e-d031-4c0e-b1fa-7189d0957f29,3.7334425904302036e-06
9b599249-1f5f-444f-a654-53ff30c7a73a,4.6033475209068335e-06
1b11d9a7-51a0-412f-a5c2-7bf9313d9662,1.11346355416805e-05
90757ba7-c79c-4b47-a5e7-bfac2438561f,3.858213647875132e-06
03e1bf8a-bd9a-409c-9100-03a68300a5e3,2.720743307670887e-06
0f2db54a-b279-4036-93de-0ef100064f17,2.4659065025815826e-06
eac01b72-8d9c-43d9-843e-13351fd1a88c,7.646117475711327e-05
5b2a913f-284c-45a8-9948-df771ce3cce1,8.382184093125678e-05
47ca9e0b-7579-46a3-81e0-5d5e7da58583,4.615459265559327e-06
a242032d-61f9-4e14-9bea-c733248e15d2,1.9052598443427595e-05
921ee0a2-a915-40a0-ad2e-8cc355a9f614,3.871411541542604e-06
9b428401-df79-42a7-b004-dd655a1145ba,4.887511628307172e-06
51e0581a-6b77-4b42-8d85-75d8dd184e06,2.327660177359289e-05
2100ab0c-6ded-4848-91ed-58789e14af2d,1.9337544678113827e-06
851fe0d7-c985-49e8-aa83-4cb640759675,0.7877462416459674
e58fe6e2-822e-497f-be20-eb7b3ecc0088,6.150330949872686e-06
d458261b-4090-4c3a-985f-0bfd7c88c343,1.8987266877556722e-05
5839326c-8e07-4d72-a08b-e9b997cfc98c,1.0595677525948825e-05
0149c522-5720-472e-a2c5-4ced2860e53e,2.3870728405729684e-06
8dae027c-07e8-48fb-a26b-4783b8e63a20,0.0005535239062552642
5c526105-e70d-402e-80a3-1f23aea53183,3.409790997399284e-06
e12f9d06-81bf-4693-95c5-e7ee20673f66,2.6082030207814408e-05
0858ba52-6e1f-4201-8a86-d7433d8b5973,4.1332470006185415e-06
9680849b-b60a-4fcc-b160-7b6b80eef3d1,8.75366289978534e-06
8d563fff-dafc-4667-9760-cb5f64523ba4,1.046751107017392e-05
baa601ae-b5f5-4b41-aefd-84edef0b42e1,6.74931354578369e-06
a7342527-3695-43a1-9c1f-74a161a6dca6,2.3724368048842575e-06
90c1a8d6-1227-4cca-b3f7-1ba3ab3c7707,1.0138745314473873e-05
d7d3fc94-469e-43e3-889f-c5437669952a,4.084897027502767e-06
ba52dd72-f5a9-4bd2-970f-b44b874ba3fd,2.742216762432556e-06
a89dc59a-c038-43ef-898a-b8f2994181f5,3.1614385895525277e-06
5cccb6ef-f122-41f4-8460-5d35fde90199,0.005060405654917518
df442f3c-9247-41f3-aad6-2a400172db39,5.440886042991908e-06
dd4f495e-fff3-4d21-a16d-c5245b50bb35,1.5848278997203305e-05
6ad85937-a5d4-48be-98cf-bc133c43dc0c,2.299837350708428e-06
839f9c56-f3e6-489f-b7da-412836c22c0d,0.000946973807679129
a580bd08-e4ac-47f4-8ef5-1fb77c48bb01,6.105666521182115e-06
96d493ae-3ecc-4ab6-aa03-43e128f636a8,7.446321786858699e-05
b49c897b-1361-444b-a6ca-fd7db94b26f4,1.8979253847552634e-05
51566ef2-8bfb-4f57-ad02-9f03d6c5b3eb,9.938395248927683e-06
9f727f5e-3a6c-4fa0-ab31-f40058672556,5.320001871819343e-05
9e63e199-e124-401f-9a1b-d9fcf64799af,0.00016594335621937569
f468ca2f-6089-4f72-af9f-3d0b4d165def,0.00045401422542096204
2dbebed7-0066-450a-980a-591dfbb27630,7.534214792167946e-05
7e511c84-0884-4fe0-8aa3-2bf93cf9258f,1.7019959793592482e-06
d39dfbd0-7d9f-462b-bcbf-9b827a0cb254,0.00013737447556213433
23ac78ae-a8cc-4d5d-8b9b-a83c1e13c93c,1.0634164727124488e-06
49a9aa1f-1d6e-4794-8b19-e64a1b504987,3.1714593394139865e-06
3d277ae5-a387-4287-aa1c-7b64b3831e5d,4.8715739844217925e-06
7cfa138b-42bf-4dcc-9b22-c334b0ce8339,2.1731687125350942e-06
14df9ee2-567b-4d16-9a10-5f18154d7903,2.9419272897081343e-06
327bd070-1805-4ed2-91af-7346edfb1f11,3.979716805529372e-05
b3bd4242-d8f8-4e6b-bb56-7ff324b8ba24,4.046386303570073e-06
f14631b2-bb4d-4f99-b23d-b6b9c8358b54,3.831301994422717e-06
00bc8c83-d927-49e7-a62f-e48674d3164b,0.34499596860746334
451b369d-bf2b-47d4-9d7d-6b7f30ab76aa,2.2943510004116572e-05
cdf188b1-2236-4dba-9e9d-79aeab766d79,1.2711760918160457e-05
c6c77920-c60a-45c3-b4a3-064782857615,5.029837805929213e-06
a7e78bea-31ac-4a66-ac63-1d728f9c0ff5,4.299069308947606e-06
4ceeb702-540a-490b-a762-15978234ae7a,2.8312153314771126e-05
f00e1b9a-6d0b-42ba-9f77-dd0dcaf08837,2.0345371128636214e-05
65f5cfe5-06fd-4203-a4ad-892a1be59bd4,0.0007035987843741201
d7f87a81-d900-4654-9b24-9fc48ee075dc,7.946132415796836e-06
e6264a6f-23df-4107-8a00-49ae98a63cdb,4.718764123802999e-06
d0151456-475a-4efa-b486-25452f233e5b,2.2173349324814815e-06
001c48c4-e106-49a3-bcaf-d4ec8851d0da,4.160092259851068e-06
645ca2d9-542d-4dc7-990e-60eaa530e62b,1.6075055594569383e-06
c47b8cc4-6e96-4fa1-95d3-7ae7864ccd4e,5.348995620815268e-06
98c00c51-7a31-4302-83a6-767f18eff993,3.137543325537371e-05
a4a7b24e-6f0a-4454-b56e-a6db4c7ae618,3.3929622824301396e-06
36297052-7ba8-4ffb-ad12-e8f37d73cf3d,3.407942862449121e-06
73ba6792-f343-405d-b3f9-c1aa5abada86,0.00034054886319168906
c7b982ce-f831-48a4-932c-c09e359c2158,2.3359257923786862e-05
95f40228-b227-4db9-abff-a18c6c94e4cf,3.7046228862075196e-06
231843b0-fc5e-4eed-a6e3-0d761c2f3199,0.0010721678148904444
f1d5b7c9-50e9-4753-b4fc-8ed73ea54169,1.2243713100303424e-05
a34446a9-476b-4570-957d-d7708afec1d8,0.7894700918212123
43918b4c-16f6-4b40-be28-d46c8278e062,2.2200283918955015e-05
d0016c1a-38f8-4309-b080-4b53a4732492,2.3282151606041847e-06
97bfe767-4dbd-4f4f-86aa-6709fbdfa3a3,1.9354326383573856e-05
d2b1b243-6fee-4895-8c5d-4cb66428dfd5,0.0005677950560282185
8cc07801-4b99-4dd6-a05b-57d18af4a8e7,1.6453352980982303e-05
7757a82d-9564-4b19-ab5a-8863614dcea3,0.0018444465927542784
1055ebe1-48aa-4a86-9e92-13ff7347f874,9.240597878046517e-05
449dff7d-1dd6-4248-a07a-e3c3d6507a15,9.98153992209116e-05
5403f071-d19c-4a78-b4d8-bfa8f71780cd,1.2381292657076497e-06
c132342f-6148-4d6f-83b6-c8f38be41fad,1.3276503295503287e-05
70dc963e-a752-41b2-8dbd-9684134067d0,2.236573643927967e-06
eb88fa81-d6d4-4971-a1bb-1d9c91c39291,1.7149258884806435e-06
0bd7cd5c-874b-4e09-92ae-22b4bc72edda,4.0625767737127666e-06
b7a35a98-314c-4209-af28-b4d0c5853cc4,0.05387812914519755
bba414ae-cbdb-4f8f-ab9d-c9f88a30d756,6.034910072266921e-06
58e87337-a994-4a6c-846f-c49aafddc339,6.360130584147236e-06
d7cfd3cf-3097-462f-a307-7413d991dca0,2.773145098399736e-06
f2624abe-35ec-403c-ab30-f7aa4ee3cbe5,1.803560817990573e-06
faf3c2a7-0a76-485c-95a8-1135e2d0900c,3.025163560493508e-06
8727f347-413f-4121-bcdb-844630d2368b,2.7184612899227814e-06
184f7e20-f20c-482b-b0e0-75de32bbdebc,3.534611731855205e-06
44efa04b-f1f3-4470-b9b6-81c25d6d5967,3.94901955075182e-05
70a08caf-a8c2-4f95-9854-d630eb15c1f6,4.5100050592669585e-05
7cb8f1b4-e1ef-4638-8e38-e79ca12486b0,2.2274423407145993e-06
8bad664e-eab1-4b21-8946-b04ffccdb30c,2.000177409297414e-06
e246271f-1dc5-4f64-8be8-f4a9c5a8ee74,7.852759891765115e-06
f8dab391-e2c0-4cef-9159-51fdd75d8d0d,2.3047286329169435e-06
393ee593-c45c-410b-b215-f7e172088fa9,4.492088932367322e-06
ec28e8bf-bb63-4aed-b3e5-2854f02e04f0,0.00010637095201930296
09585823-51fd-4954-9406-b2c6a01467dd,4.0333383833912005e-06
c0a89875-3998-4363-8a5c-07c256baaa4a,0.00017124839331857507
fe574e79-0385-4d4c-a574-c71928205014,0.43671246179054674
6e785d68-196a-4255-ac1d-f049b5a69204,3.625695490944532e-05
433c64b9-e6ff-4cb8-a6b5-57a80235b4e4,2.231854275159579e-06
caa848c0-d8f9-421a-94cf-078a30bef17b,1.214366236275343e-06
60571590-16c0-403b-9639-47fc734fffd2,5.8249135988249494e-06
ef56b090-a9c0-4bc5-8867-b26ff0e58bf7,7.909612267828992e-05
407927f1-9fe2-4829-b8b8-938a65141af2,1.2021111117588118e-05
78eb5976-5654-4292-92e6-620c52ec31d1,1.0685130676334577e-05
5eb1b236-02f5-476d-a230-b6bb0b82eb35,1.929414567396843e-06
3ed92243-188e-4529-8023-0681cc039cf9,6.987321120646209e-06
5eaf9c1c-b13b-48c8-8ab2-fc84f3a85157,1.1686589365692806e-05
280ee334-0367-4081-8990-f5eaacccb83d,9.111871873179678e-06
2225d2ab-1f8d-419d-b030-ff5d0adf4d7a,4.8881981008750344e-05
11596e41-07bd-4754-83b1-640699492911,0.00010335336654982685
f453c83f-f08a-4676-9725-f6c0c848081e,2.53925262294993e-06
b504ea5c-c125-4d06-a059-dc8a86036e34,5.630854997801218e-06
9a380c32-b0b1-411f-8d7e-82799e9c9dec,1.865028631034174e-05
a984fae7-96de-4296-b40d-784d9e45fe49,1.2307336254831186e-06
29343c94-ad6c-444c-84e1-bbef28289efb,4.6069308437122404e-06
81d93d4f-746d-46b0-ab52-1720f639b349,6.4545815901517285e-06
1e9de6d6-c2e4-48fb-80b0-9495dccf7da0,1.1410633355077801e-05
fa68b928-f64f-4c82-afc6-7c3b8a460dcd,2.6239382978922144e-06
35f0e82b-6a37-476c-aadf-989626781b04,1.4617918925570132e-05
c55913d2-cebd-4eca-8b27-f547480dd042,2.0212509175347985e-05
0f3547af-b94c-46e3-b249-a397363cab34,5.004588425032306e-06
925fdd6f-d717-40fd-91f2-b566b11de59d,1.0195660678973755e-05
a2a1ab6a-8b7d-49ae-a9ac-14d46f908659,3.6211850863156003e-06
4c2416c3-ed61-4f4d-9f71-6f6da72f28c1,5.748654290860822e-06
4aa8393c-b6de-402e-af42-d1cfe65e4f32,1.782059106113247e-05
5e15b063-ff00-4f8f-8e8b-b8da256698c9,4.813654774216079e-06
c4aacc20-d27a-4ac9-8f1b-2303a3d32f5a,1.883628701129751e-06
32993505-bd40-4706-beae-761184ddc9de,7.247053670478786e-05
e28ce2f1-0201-4434-8d0b-552d152b0710,1.0029001390313866e-05
2259d15a-c0c4-4e93-85fb-2390a05616be,2.0223330152445313e-06
688d9320-c1ca-4be1-ba62-bb5b27c54e21,0.00029207592720562807
8195f53c-d259-4f39-9e34-25c8045b45c7,0.9789041900788354
bd759915-08a9-48b0-84e3-f275d3bfa959,1.6872258362990793e-06
d5e5376c-a706-4578-ad23-c14d323acc4c,9.77954558599665e-05
4a699070-0a6d-47f8-939c-38295c794b0f,2.5616761169222276e-06
84f61e49-c74a-48a3-96af-17347d361f1b,6.708449165029597e-05
f972213c-9f2a-4e46-a69e-2eef9091f861,0.0004053030565993483
b2fbdcca-0a96-411b-bcc8-9183d4b925e1,0.004450035393019096
5c56264c-6115-42f3-b8fe-d0e3b521808c,4.280835139827924e-06
d391119c-a124-4fbd-9123-a332329bc41d,0.002538757527930836
1fa608e4-8580-48ff-8e37-8410db122f85,5.468953182413556e-06
723d9a18-4fdb-4c31-bfff-0f91e6ab5ded,0.0002284578286030033
6f8609ce-59e9-449d-8d9a-269b20c37a62,3.806798925901247e-05
d7b969aa-b3c9-4d3b-a454-2ce641bb3a40,1.2646315284311878e-05
17fb1bb6-a7a8-4aa2-96b3-5e276314ab17,2.3452862071573643e-05
197e7c3e-8410-4339-97e6-70c373a4f027,3.568577745186916e-05
c8a38f04-ae88-4831-9222-2e280f512127,5.991890959889616e-06
af8be9ba-7054-422e-b1a7-bbe99a5764a4,8.655773939774205e-05
5baafc61-375e-4efd-be90-0c89cc90db69,0.00010128211898214239
2abbdc08-3dfb-40bb-a3d8-682d98b35004,0.00026012675178404513
9f98fbc7-a60d-41fa-a430-8e43591b74a3,1.1912437294992974e-05
822862b6-d027-4a06-ab64-f023a9fe4491,3.732672990857073e-06
cfc7e762-5e4d-488d-b103-af0f18ce4fb3,4.930768343136722e-06
38ab8c57-a03c-4f48-beec-830daa7357ec,2.956776449920134e-06
19860b24-5b20-4513-aa31-ff48bba78fef,4.268484000859493e-06
4dbbb2ec-1e79-43dc-9441-72d840231f61,5.414483981067643e-06
6e19bb86-5252-4258-b33a-92cb55f7e15a,0.00036605089942195736
818c3416-2535-4976-ab34-0646dd22955b,1.575776162525403e-05
575aff19-5c26-481e-bd81-85ca490cf2ce,3.337431898910855e-05
94a10ee8-d196-4742-b534-85afc43e888e,1.3307195875070498e-06
32961231-d72d-4683-851d-db578a28c5ff,1.1176028788929072e-05
77905c1a-a26d-48bf-8579-4a6ec7c92de7,3.140057171176606e-06
e552c841-d13b-4992-8aa6-3dde128d04fb,3.101310308381266e-05
f44241f5-4f9f-4c88-ada1-323ac0e050c4,6.804439043717686e-06
ea224e00-787f-4b1b-9752-73973e2d3127,1.6322141324142625e-06
b22b2981-58b3-4c21-b7b4-637b0d419e44,0.00021966082790504752
d4856431-230a-4087-a588-a8cb80fb5a0a,1.572336312686204e-05
c64052fa-e417-4e37-b7a8-692d7bb24a1b,0.00010368916040748585
8670f17e-02dd-46d0-9b31-56cf7549a36f,1.528522036777903e-06
2cb8d8a0-6f5f-4d6a-a350-4f6333c5c0e1,0.008617989452554363
8208a43d-0ec2-46f4-8a2f-957601185bd6,3.0549986664237507e-06
69ef277d-5505-4e92-a27b-311c58bbac54,0.9368328173430864
8400b2c1-dd14-430d-81b2-538cfe8cdc0a,2.940911210617398e-05
53309504-1c7e-4ef2-aac6-f04301f595ba,4.671994900526702e-06
83e8a4c1-0568-415e-9fdf-c5c654f78abb,0.8363893990130551
9bc44a09-8f5f-43b3-be57-7bca40be3d47,2.44361273800056e-05
0fc60829-061b-4ef3-9a51-8e3d50b78ade,0.002232333326159277
4b10c6cb-ca3a-4879-ac20-55090bb9653c,0.013906852199807269
49304c38-4f84-4568-b4c5-6192c6df2548,3.0779978616114017e-06
c341da51-e1e8-49a5-aa62-42b19e2f9946,2.9033582635430853e-06
145fc2af-9156-407c-943a-c2f16637453a,2.2972634479690832e-05
489b4569-779e-45af-ab43-c8ef64bf81d6,2.6379607594869816e-05
f8e69f3a-9cf8-43be-8da1-55e4b760a6dc,1.781453540748717e-05
a7e491de-ab9d-4316-a8d1-c6adf20419e7,1.75789926316282e-05
d082c048-5486-4df5-b055-98a3b1c24252,2.84672083277957e-06
3d99b633-9449-4ef1-b34d-dd3ddd2f24d7,3.620123052950552e-06
24350928-3502-46e8-a52f-3ca1373fae1b,3.7110026513558903e-06
2c7c00ec-2be6-4699-8023-25be3866c535,1.4412187866943057e-06
583fc9c2-aa22-43b0-ace3-d40e3d0ed530,1.8825057618291002e-06
f1995471-4cef-423b-a5e8-60630b5ab494,2.6129788157627787e-06
dd638fd5-4fdf-4c8c-9f6a-6e7669b906e1,8.851300234115708e-06
53ba0084-d12b-43a0-9e31-8d7d48012f98,1.4233243428669984e-05
2302c071-9041-43d9-961f-20307ffecbe4,2.0264448135698736e-06
f9a25f9c-d1f0-44cc-87aa-dab94a044abe,1.8119216553279243e-05
b397bd2b-a7fa-4add-807c-dc99f22720c8,6.693670862047078e-06
30fb7191-efbb-43d8-b1e0-2d88b764ea8a,1.4769763270619342e-06
8303cd23-3413-4af5-b9fa-6d42cfeba4ac,4.696853559163205e-06
a4b486ec-ce91-434f-8d51-5b53f38d2164,0.0004920202830746979
1dc64222-46c3-4ac7-8c7e-60e234699f6a,2.2291988023272447e-06
0e3a511b-e8e0-48ac-8d90-bea3a975a8df,2.5993649407383645e-06
dc3c82d9-7f0a-462e-b649-f9a4bb86ceea,0.0001374663435285009
b8f7dc9d-f422-4e84-bd7c-d86235d918ea,4.0652618384266155e-06
a93925ca-68d4-4168-b400-12cd6316477a,3.053539220905629e-06
826c2cd5-6498-43f2-93a9-017958aed96a,2.337766024983339e-06
166c3b3d-d136-41bd-b67f-79745f5ef42b,0.033674421435227406
9dc6c137-3827-48f6-9bcb-56274d8313dd,2.8008520017062683e-06
310093db-91b7-4245-b972-6765c0dc769a,1.3163734631875005e-06
29d50e4f-e16e-4538-92d2-801718ed5f6a,3.4951163024456637e-06
d9f7c427-6996-4907-b562-65cdbb998170,0.00042146666616617784
810a4589-ea1d-4ab7-a9dc-930979e551a8,0.002204153169003624
98dcdc6a-197a-41a8-a969-cdd25856e191,2.2288764167197342e-05
ea1ac026-fdc3-4176-96b5-d70a57c6e654,1.5870263503206558e-05
a992a3ca-b1e2-4301-a552-db6d56ca216d,4.106286603872063e-06
8fa9d89b-135d-4c72-89db-6abd1df37fd2,1.1170164291137387e-05
07733d13-9806-440a-bdaa-e8310b5a9571,4.292300270316984e-06
dfb84693-7971-4cff-b898-f99788abd851,1.0186274958172272e-05
da1cf013-6d4c-4fef-8526-f99acda65ac0,2.131316736299754e-06
a0103a62-690c-46da-bbe2-96bbd29b4515,6.771098969006839e-06
16a3e65d-f1db-44d7-a4e4-c6b71cc4b69b,2.080473176786265e-06
c6d2d714-e368-4735-a9ef-49463629acf6,2.2155418367043777e-06
f85e0180-55ec-4507-a0d6-060572f60b6c,1.0277905041490418e-06
c1f97d16-2637-42c6-b8f7-93a34b810687,1.073954576893003e-06
132291b1-68c1-4c6d-aaee-d8d667d39f03,5.140967790354561e-06
9c135acb-72c3-4396-8689-661bb4141a75,2.1708809545049096e-06
7baa8acc-5233-45cc-a695-46a6d45b5c8c,1.1662511049304218e-05
4d596326-3818-44ba-ac52-c9311180edb2,6.886105346102992e-06
6771b937-d686-4abf-8247-50cf5208d0a0,0.00026047283297169827
175f1fd2-49a7-43db-ae9b-58d67c7bae74,1.3246602786341076e-06
f6d2f216-52d3-48eb-a0e7-e10c69684918,4.099192962230101e-06
09bf330c-7bd7-46a4-bec4-c2c2ee5a5113,2.220684658502129e-06
1014acde-c3fd-4ee4-977f-e7d0a36b0797,7.588550177208537e-06
01d778b3-c2da-4097-a054-98f7c432adc5,0.00017736970452430362
221d9ee9-d925-4029-b4aa-aa6ee86b54fc,2.7526597229489943e-06
f6652474-ea0a-4f6d-a40f-84455d5fc436,9.422561769773487e-05
5b2ced0a-6dde-46a9-8e24-3760575d808a,1.5540707014987751e-06
9814e5c7-235b-452d-8aa1-b0dfdf6e1e22,1.974480408630728e-06
7fc87f78-7bd8-499d-81c4-fa56a43fac63,1.0626569731931168e-06
e00e1e2a-97cb-4e56-84c0-4698d59b94ba,1.289926734147277e-05
43d51cfb-5f21-46a6-b583-a043a2511074,0.00016184672789991983
d9abad39-7d69-4156-ad87-e9abccb21e0d,0.00013528983434437264
c928a424-19ec-444f-b8ed-4d17bc5a0a51,0.0006180756758399295
0c0a8420-13b9-47ba-ab86-0244667dfd40,3.4534765562243648e-06
9693ab07-c54e-48cb-a415-34c03e78bba3,2.5615678722841902e-06
ebd7a76f-4c50-4c0f-8307-8c4477b0d204,4.653586835200707e-05
2631db7b-6a92-42ec-bcb4-82e59c511992,0.0010220833614441828
a7561c73-2f4e-44a1-bce5-554a9b0bebb0,0.0014395690871352794
5fb0178d-bb5e-4474-b1c6-f326157e2716,3.709252495183864e-06
9ab7ad97-d2a4-48ef-8008-3aa02b2bc25d,1.353591776362523e-06
ac0f3c26-cd41-4fef-a8be-f351a0db2780,2.1444437517861973e-05
db92be8c-e1cd-4965-8ecb-dd1b4f9eb912,6.992714223860655e-05
671ab832-e7e0-4929-b0da-678607323046,1.5434994196049984e-06
fb9cfe7b-068d-4831-8587-7f7517fc7848,7.07973392897472e-05
20f1153f-4397-4c81-91d5-30185ef0db68,1.0116061726434942e-06
57e2b3af-2812-4c81-b720-fe9c041132ae,4.812612265954705e-06
bd6a0f1d-7007-433e-855f-fe540f8f4b28,2.893066603439587e-06
6ab6daaa-d052-4154-9704-97c2254d8d19,1.3157029126358051e-05
9c910013-05da-4af5-8f20-a4b1484b3593,6.592992657726864e-06
6e61d2ee-56a4-4eb4-ae09-d30ca6cce272,7.40033938752121e-06
7763c64c-7411-46f3-bedc-5c4e32628979,9.238155034565723e-06
9420c53a-296e-4364-8888-a5ab04004eac,2.0686958768099355e-06
95094a6a-5871-47be-aa6d-5914bc4130bd,0.0011710729728151247
5ce23c99-d2c3-4b23-adc4-6c991f6a8b34,3.4709965977381703e-06
b95181d0-b4ab-4298-a023-eefb3f59fe9c,0.00014989425247730138
1909fe4b-63a9-4d1d-99f3-1112c41c5134,1.5460292565427579e-06
6ad94591-976f-4a36-9dfe-8aabb644e18f,2.0274275519909926e-05
5f4e415b-d325-4a82-a1dd-382688490801,4.0883702227616206e-05
cb5c6312-da02-4c75-90aa-945b292e3466,9.208601527138647e-06
5320db02-8efe-4fb1-ba97-db60300ef8d6,3.712762386131766e-05
60e5b055-0212-4422-a8fe-db4069774f1c,1.622433562005098e-06
da5f1b95-333e-460f-a223-4c208472d9e3,1.2713416830124262e-05
cfdecab1-04df-4490-a984-0dc165546e45,9.851324553159475e-07
a92aa402-1357-408e-9b8e-cb6acd5cc91f,2.0423690312168194e-05
74411033-c97e-4389-9d1a-90f1694d3000,2.3168444572099725e-06
f137c40b-6b8c-4ac7-9377-b1acf918284e,3.944809858598483e-06
d436a173-6359-4052-b494-c32508a11aa4,1.3643307312696896e-05
bc164e94-7c8c-4f9c-b532-e617bce209e9,2.3304962540568903e-06
9dbdbbc1-8181-4dbd-a484-8fe8aa6e8f1e,7.837229987130885e-06
7c5009c2-892d-4455-8fc1-4b6e595177aa,0.0003020240502458229
2ff0a56b-d989-4e58-8df7-ab872ac99902,1.079909376658534e-05
0931ed5e-31ec-473e-addb-62b4b64765ae,0.03341650279838854
0e80df31-0566-4116-ae35-d7da6c40ee43,3.0370960577037036e-06
c752c401-37e5-4f65-a76c-cf129388c72c,0.04846687980328182
e66f322a-019c-4cec-b0a9-16170eaf891c,2.5303684752672398e-06
f85cd733-9a01-4b24-ae56-a9d84a82a6c8,6.384106723230621e-06
fa73b75a-a6b4-46d5-a787-be49437a7be0,6.444438780020981e-06
960d6c57-2d48-419f-8c01-932dda17bac1,0.0002335824053278764
5aa1e4f1-c65b-4ad1-a210-e06495348a56,3.459601640959697e-06
0444ba09-5873-4d20-9317-c91b25c9a406,2.1073695043670302e-06
d0530b47-a36a-413d-b8da-56bfb0a37588,1.0780487519631971e-05
2e30313f-2829-4e80-869e-5ce6c7f247b8,0.00017497226760948564
ab7b6ae2-e5e5-45c8-a8d4-853df3a2d348,2.5695646993517456e-06
c3ade4bd-d87d-4a47-b895-41f1d6bbcec2,0.000230109021057274
a3a0d3fb-0b25-49c0-a969-e2c1b453410b,8.353261709214636e-06
031dd696-da0b-4df0-8aa9-729ee90d6cd9,0.00011638790058882626
0c815f78-6b9e-4fbf-ba4a-e3165f89c5e6,2.0527170954275833e-05
900fbe5b-5ca5-4543-b155-c0f070c770a9,1.3568740079565546e-05
a7a41fc9-6b52-4bae-b30b-4b44c63e1d82,2.309641874398869e-06
e5e4f7d5-0247-470c-b6a5-b7e39bb84909,3.3058567209235604e-06
54c985bf-49ee-4ef3-97e6-99f73d26a357,4.212343364679664e-06
8e4109f6-dc5a-4efb-824a-53a35edc22e4,0.00017220337682903274
e3e4cd13-688a-4ba9-a071-a0aae7e22367,4.925835778088982e-06
35d856de-b746-4445-869a-6db90a65db14,9.094701382105098e-06
ce1c2982-cf21-4b79-85d0-6c7288645279,9.253197012669136e-06
724a88ac-ab6f-4ba4-8876-5f8692e36792,7.67576038697719e-05
a16cbfe5-82de-4200-9343-9563399e626c,2.895372423905764e-05
1a0ec465-edfa-476c-8f90-fa6e0fad0104,2.272362263566017e-05
fc670f97-d5d5-4d77-8e1f-81e8fb5a4e1d,1.8901544085000551e-06
fd76d3a2-f843-48c4-9cfc-7c032ff364c5,0.7525509255354949
2fb2697e-cfec-435c-b7d3-cecf6f2a4be2,5.985777370415757e-06
4a380c15-e6b1-4763-9876-eef2d76bc741,8.455675586844825e-06
ec1f1069-3c79-4779-9555-fc4a99c29a01,2.195586021340461e-05
fe2878a1-ecb3-4c21-89fd-b48d90eaf18a,4.624179397235885e-06
7f74e134-b85c-4d1d-a938-747748bdf0f9,9.664335336733705e-06
d3fd345a-8b41-4e46-bb5d-0a2b4bba3f72,1.9981961293006764e-06
69ef24e1-0e2d-49ca-b3bf-7377e80c0340,6.597589414594917e-06
c3d46a33-9003-443d-91b5-5f0d759d3893,2.6408790798443957e-06
fae379c3-98df-43b9-91e0-9ac5663fa670,0.9938136256676604
9bf216a0-953a-4cdc-8899-90ada024ffe6,1.419878508708017e-05
79341ff0-1cea-4cf5-9df3-bc2933f841c7,5.007575604072524e-05
9149bbaa-f336-41be-bcda-79a24b9adf26,1.3940937092510393e-06
5b819977-8912-4eae-92ec-55f8ee8d4b46,0.00015849123522384566
9c84ba87-14bd-433f-a295-c9f5a682a6db,2.0606852988140023e-06
5dd5e201-9ddc-4605-b5a1-15a6dc244207,0.0010318572155698527
51c7659d-191f-4c5d-a270-de3a68bf7e51,1.95046933914405e-06
4a7a2dc4-d990-4d0c-afab-0edf66eafa73,4.451609517908537e-06
9dbf67fb-be77-4a2c-b079-967ff2f8d46c,0.00024916844581165026
e7f4e23d-b502-4f9e-8d17-64ee1499c040,2.0689360950740205e-05
8940f003-50ea-4bc9-a3ee-9db5bcc19c0f,3.5922595169843544e-05
5fb8a019-2bbf-47b6-940f-2f6e26d62ea5,6.222773912543476e-06
4b6ef86e-0d22-40a7-8bc5-7797bac3e174,0.005604081981376814
92c9fe17-f0ef-429f-87b6-a56bc814e120,0.9770860155135886
e48ef8cb-cbb0-43fe-ab04-278b286c15ca,0.0003962191502488207
1355809f-bd1d-4a7f-b8d5-202e09ecb7c4,4.792743702594977e-06
c5eada21-62a7-422b-8beb-929a64dac43d,0.00010154912621895831
25b9ff00-d46b-405b-9c2f-3e60ef342839,0.06133851394086169
58b1e77c-ce4a-4ec6-9b6a-f54c243c0db1,8.607761390478688e-05
f449ff3b-7170-455c-8250-20ee62ee6f38,1.756046748678446e-06
52afd8e9-2e01-4331-808f-3b06372477b3,2.2475604580663276e-06
a6a8d69e-f287-423f-8885-857658db5296,1.9992832183111177e-06
16002ee7-9655-46e7-b941-7542c78dd487,2.6843297646467717e-06
45a95bb1-137d-4ffd-9462-814a9f215e27,3.966057528931822e-06
ff9be123-1712-4e5c-9ec1-6cf4396af044,1.591500873992014e-05
ebdedb1b-b41c-4bfd-8909-f85146923b46,5.793364692854395e-06
fd783610-0a4c-41e8-8e06-933d18506fe5,6.98918017482053e-06
17a1a275-b676-4998-9cd6-adff763282e8,7.470645939482776e-06
e8b2086d-c7f8-4f71-95f5-37bd8d1fc4fd,0.000300184507792967
90a6edb6-e0ec-4827-ad76-d677d3ea5fb8,2.4558841770214142e-05
c4ce7e20-6210-4561-a402-a9686a26f368,0.0019250218797595901
3626d9a1-bbe5-4f2e-b6b7-772be05cf982,0.00031891922320511295
34659635-d0c5-431e-8e65-14ab055cc328,1.7480390924229703e-06
bf9ad18a-2eaf-43c1-ab02-10273452bab3,3.3087618562512704e-05
b25823cb-24d5-4799-87f5-1c8ac55fcf79,1.8606040863023185e-05
bdf76ae7-f137-4b09-80bb-65622b295333,5.720400338368523e-06
5693948c-7724-4f9c-8c5c-29f6d915744d,2.45884817539834e-06
243a6fd2-26c2-4b0c-926b-11882cee0264,1.3796962314705233e-05
1e6e96a3-f2b4-417a-8b98-4026bfa8e507,2.411177400209058e-05
a89bc5a0-ce57-4e8d-815f-6697d0035594,1.0570076032178436e-05
b1bb9958-54ca-4aca-8fcd-7f0ab16fe454,2.8314824445049195e-06
6e586052-208d-4cef-8452-777944b32094,6.744618281381368e-05
43f3104b-6233-4e6f-81b1-db8306ae6752,2.0713199236742196e-05
6ce404c6-905b-4076-b795-f77a78a3757c,2.44525372191903e-06
7623b711-01b6-4948-b413-a2a231e7ec45,6.133284419870295e-06
851c3956-6d07-447d-838c-6a8edd965ecc,1.7449229154283725e-06
485ed82f-24be-4dfb-b221-4104af36b205,1.3363489166466579e-05
b955eb7d-81c8-4ebd-a2ab-48965001fee1,3.118069027777336e-05
1c150527-5f04-481c-bc1a-94e983f2f570,3.676537777735429e-06
0d829cc9-6d97-410c-aeeb-babf783a3461,5.723854702874835e-06
51646f8b-e32d-4d91-93bf-e2a686cf9ad2,0.0025426247022494707
01c0347b-a279-43f6-a4a6-3ef15b5c4954,6.814528254821394e-06
7db1523e-d121-4e9e-84d4-ef42ab3cebd8,1.9464120791585794e-06
fc8e2457-0a89-4ce7-937e-7ff97c991f08,4.506917781737689e-06
520d5eef-35df-41a2-8bad-c62f00ad5009,3.3762937892206034e-06
a289dd3f-1023-48dc-b1e2-a202fddeefe6,1.3227428069435099e-05
13eb31bf-e912-4559-a3b2-a75981621c6e,3.247627874625997e-05
95176c60-9a01-4957-8f87-4985619ca26e,3.8379503402403624e-05
9e6bcd37-308b-4a8f-a2ee-81e7bec177f9,2.258956114940458e-06
4bf4445c-2df2-4522-bf45-5406f1cd6f11,1.8885098536604378e-06
0ea1b188-aef9-4ead-91b0-6f692776e623,4.7039619445381075e-06
93988858-49a9-40fa-af8f-534d282d15a7,1.310662286392967e-05
dacbc06a-3a52-492a-a01b-0352272574cd,1.7633834542053155e-06
cdf4d1bb-2569-4ec3-962e-d643d82584cd,5.2437281031829475e-06
f93e19cb-2006-4e73-bc23-75c77713f603,6.108743354258761e-06
94784a82-5b91-4642-a694-98dbc6c7c9d7,2.2959378422377162e-05
3f800d49-6f6e-4520-8644-a3bd27666f46,3.852697914532402e-05
1f2a7f6b-aabe-4605-8285-ca58025dde0d,1.8228502203998763e-05
e5c3769c-1734-405f-a3e3-1dc536d8d0e5,9.552276905292786e-06
84cbcc13-2b7d-4fd9-aed2-e03fa0590711,6.362105419489738e-06
686a62c8-0382-48a3-a9ca-f22b11fd3c00,6.188983573800407e-06
905279a9-109e-4dbd-b77a-328dc438710b,7.610598957834932e-05
daf8be9a-7a53-4665-81f9-43e1b831b407,0.03580969146751613
e7288825-5e96-4a81-9fd1-f29549ccd39e,9.083349781901534e-06
95e560fd-21b4-4ec5-b3e7-6e03fccbab1b,0.0003151665050463383
0797b710-50d7-4d2f-b75d-dcd478fb823d,7.514074685000433e-05
6caa392d-5663-4773-b7f2-cc0d4ba5828e,2.3129684503903626e-06
fe6557ca-f80f-42fe-8a72-19df3dc82417,1.8358770716634792e-06
2391cdfb-8e63-41b2-a270-434fbcb97ea8,4.2971113731343095e-05
c7a9a6e7-6931-4c34-abbc-2b471bf9d008,8.627809063588744e-06
89d51add-81e4-4813-8ddf-3da52cc61a16,2.0573521716728125e-06
3210d748-8c4c-4b3f-9458-dfb4ae83d5fa,4.103293562112519e-06
5f95e7dc-43b7-498b-a0fc-9d4571448cb0,7.719822968858156e-06
5d112e8a-675a-4441-abe3-fb02f3845819,0.0026467417509624266
135dc859-7831-4925-ba4d-304f6d89a29f,4.947107743138478e-06
3ef25259-9306-4571-b876-2d3883c36d8f,1.628938686047489e-05
81c2c46e-4650-4d76-9d8f-c2e3f878e391,1.12024987559382e-05
65fcfb9b-109e-4356-9d3b-baaaf92aad28,7.580877621643234e-06
aa3b6b7d-ea94-47a8-986c-d6399f665d2e,1.4555868807182674e-05
603dbedc-59d9-4fde-a08c-1186bb7cd286,3.890656878408534e-06
0ae9cbc1-fb11-4f17-9702-e88da59f8285,1.3642578482876238e-05
00aa72b3-63d2-44a7-940d-388e1d3298e4,1.0734305797426642e-05
cb8414be-ac5e-4613-8a07-0fa0b207d332,3.896159221715741e-06
663fb91c-7116-46c4-9ea0-afaed6f072d5,4.155888179222732e-06
b31f8ff6-da20-4366-85e4-ea5ccd08c3d1,4.483545592636008e-06
02e0188d-2424-47d3-81c6-9bc4304f0179,0.00027290316080822645
c737c943-e62b-4c17-b88b-b2cc0462bae0,6.439310269450524e-06
51082d7f-d55d-434c-a9c9-d7b2fd540ee2,8.575477443628375e-06
c0091598-5fd3-47d1-a481-470135da309c,2.578456681287681e-06
fd921611-5134-49fd-b068-fa9d5a54648d,7.140213001030002e-06
a91d1bd8-5550-413e-88f6-0ff3cf5fcd80,8.932040638323939e-06
3c0c66a0-26ca-4b6a-b717-b2b802888818,1.092846973561628e-05
e51656e1-a482-4aac-b3a2-59539dcc52c9,0.00017409531989472866
f25172df-b4ff-4928-9414-2412644bf7a4,1.369360359067023e-06
5ed8c5c1-5132-4f2e-9fe0-aa68bf3c9bad,2.1800172887159757e-06
89c5961a-1f34-46f9-9afc-68ffa4ccab54,1.2718698771627815e-06
436809d4-b4ca-4219-a93d-f29a6e788adb,9.40011498719928e-06
b2b8663b-3e43-4577-bbeb-a34f67b1f062,1.1091328158792139e-06
3671612a-9f3d-4334-b0aa-be13a13013d9,0.010071439932042334
50f080b2-eba3-4c20-a396-1b5e79acaf1a,1.9501294333344788e-05
0c5d2050-fa5c-4751-a3cc-078c1a47f53d,0.25693186377766125
5e88a6b9-4c1d-4d4a-8245-63c629b9a41a,4.717860751951966e-05
20cbb2d6-1bb0-49af-969d-06baa28ddbfb,7.3947125282371136e-06
9769621c-e685-45a6-9ca1-1f43b2966cc0,1.928039942761991e-06
f165152f-bfa5-43cc-87f2-6843a8cf8421,4.67522645116808e-06
6ff5a211-02a5-4934-b051-c86ea79a0610,1.7359643978947894e-06
61cc487e-84cb-43f0-9c9a-26407afb0ff8,3.6276199293319416e-06
7c6daf5b-57e2-4b1f-ae7e-a2be4853536a,2.079857958209755e-06
33a80014-b026-4c84-9f0b-8a2408e2fa5c,2.240093890125346e-05
6e971e07-416d-4c69-bdd7-b316a0995806,5.515269518602846e-06
79d0f7a7-f207-429c-bd57-025f95babd10,2.8211914587343123e-06
1ac9e836-fb39-4a0f-9bc4-d1d2627cc877,1.2558367723509006e-06
7b1241ba-b3ce-46f0-90d0-d38a309d8d8e,7.815307139712669e-06
fe5cf3ea-b27e-4495-a4ca-e94040617893,7.703488430876723e-06
ee833709-6d9d-4b22-a66b-003ffd239796,2.0719479978750528e-06
8cafe563-0675-403e-957d-613ea156d8ba,2.698541500532714e-05
064a2cf6-2c36-4f8f-9f4d-be59d08efa6b,0.005384384121173463
82d0e599-1c50-4fea-8d0a-edb2e0a5f593,2.1566612152972152e-05
90a03619-6403-4583-988e-412161eae9c2,2.1012641248766465e-06
aaf808c9-6115-47b5-bf0a-857aa33f0f1d,2.4609454670031813e-05
414f5a4f-05c2-443b-8755-038c6455655f,1.8619966480929695e-06
81a95309-cf67-482c-97d7-90c6cae52488,3.2060721483505648e-06
b17ee1e0-8784-4267-94b5-549e1d70931a,1.679816211552884e-06
42a51d34-95e7-46cc-b63d-8e6053a4ae45,7.904965389032461e-05
6a962632-1609-4446-8fc7-1ae946524ddf,1.5538717610078535e-06
c2443007-7332-4875-8b7b-6f93ca4568aa,1.5148316704948138e-06
9f6d45c0-355b-40b0-b3b9-306fa70c2212,2.079169891969788e-06
57ab3262-a0ac-42ea-a045-64cb76922185,3.0981293799365482e-06
3b4bcd38-ff10-461a-a53f-d51865e609c7,5.372606184345994e-06
4ac25125-07f6-4fd6-af77-eddc98ce2742,2.829712315770219e-06
9cf37c64-ec3a-4d7b-bae0-2361fd2d6498,6.441366442340808e-06
3e7491d4-1196-473b-b2ce-f5f78cba671d,2.1581046289733865e-05
e90752eb-0f58-4bfe-99fd-690d2c5a06f7,1.656526797208398e-06
fd6b127e-283e-46ad-a3a3-8fefff1ce641,2.0655033199593565e-06
b26cb594-9fcb-4243-bb54-003c00c418e7,1.1511925412183495e-06
ec8028f9-7472-4f2b-9d69-66f666f27e3c,1.6174712288220277e-06
6e3dea33-66b4-4927-8d04-7073c8f01995,1.1518330914376122e-06
c098342c-b216-4634-88e0-2639b94c4605,1.2090883193369057e-06
a25ec6e4-5679-4de3-bb2c-24ab4a453399,3.944574234416687e-06
1d76ad16-2def-4d50-b0b0-41dce25dc180,1.3751621445859692e-06
44da72b3-7e70-4755-9c33-7538cee01040,9.06590888917827e-06
87b111e5-798e-4851-ac50-6e1a998a792f,1.2150289631619918e-06
81c5e309-dcb6-48d8-a57b-4746ae4569a6,1.5271240591331596e-06
ce50ff7f-a19d-4804-a6c5-a395faf4e459,5.414183306659969e-06
de1252d7-1c6e-4b1e-b112-fd74444171f6,3.890230177855401e-06
75d9bc34-71ab-436c-ba69-7e8b92426d87,1.0807969285018894e-06
6378b1ed-7579-4ab0-b6c1-4cb731b0cf49,1.1543376383106797e-06
9d543ff8-45e1-42db-a2e1-463b874231db,1.8690180397098635e-06
fea62e4f-8f5d-4b40-b82c-a57f134b0f44,0.00019479147626751705
d656a2f3-7e9c-414a-9e7a-41dcf4afa720,6.782024899480618e-06
0d79b389-5102-4d9f-9f88-00649216497e,1.939897500306098e-05
33cf21f4-0f69-4a8a-b2fb-d0f43f52e2c9,4.316335514246409e-06
c0c5334f-5ff6-4bec-b165-27a76e8cd850,5.621038698992853e-06
8a74e7ad-c583-4ff3-bd67-1a64fd54a7bc,3.111451177728968e-06
4a8ac66f-c857-44a7-a624-f1d4a2e0d472,1.641245971107886e-05
de9d5043-6934-4eb4-92c6-cb767803a119,4.176658530204219e-06
2b67cd1e-e104-4540-981e-d828961b210e,6.167112350328544e-06
9eded9ee-0eb4-49f4-914a-f58924797bdf,2.6869101629497576e-06
e95d08eb-1273-4094-9173-c47368222c0d,2.833625078388305e-06
2f315a7b-2e82-44a2-8597-1779102ace09,3.3553010992397336e-05
